Date,Geo,Confirmed,Deaths,Recovered,Hospitalizations,ICU,Tested,Positivity,Vaccinated,Vaccinated 2,Vac Distributed,Total variants,Variant B.1.1.7,Variant B.1.351,Variant P.1,Variant Nigeria,Variant unknown,Variant B.1.617,Variant B.1.1.529,Vaccinated 1,Vaccinated 3
2020-02-27,Montréal,1,0,0,0,0,45,0.0,0,0,nan,nan,nan,nan,nan,nan,nan,nan,nan,0,nan
2020-02-28,Montréal,1,0,0,0,0,51,0.0,0,0,nan,nan,nan,nan,nan,nan,nan,nan,nan,0,nan
2020-02-29,Montréal,1,0,0,0,0,58,0.0,0,0,nan,nan,nan,nan,nan,nan,nan,nan,nan,0,nan
2020-03-01,Montréal,1,0,0,0,0,69,0.0,0,0,nan,nan,nan,nan,nan,nan,nan,nan,nan,0,nan
2020-03-02,Montréal,1,0,0,0,0,78,0.0,0,0,nan,nan,nan,nan,nan,nan,nan,nan,nan,0,nan
2020-03-03,Montréal,1,0,0,0,0,86,0.0,0,0,nan,nan,nan,nan,nan,nan,nan,nan,nan,0,nan
2020-03-04,Montréal,1,0,0,0,0,95,0.0,0,0,nan,nan,nan,nan,nan,nan,nan,nan,nan,0,nan
2020-03-05,Montréal,1,0,0,0,0,103,0.0,0,0,nan,nan,nan,nan,nan,nan,nan,nan,nan,0,nan
2020-03-06,Montréal,1,0,0,0,0,114,0.0,0,0,nan,nan,nan,nan,nan,nan,nan,nan,nan,0,nan
2020-03-07,Montréal,1,0,0,0,0,128,4.76,0,0,nan,nan,nan,nan,nan,nan,nan,nan,nan,0,nan
2020-03-08,Montréal,1,0,0,0,0,138,0.0,0,0,nan,nan,nan,nan,nan,nan,nan,nan,nan,0,nan
2020-03-09,Montréal,2,0,0,0,0,151,0.0,0,0,nan,nan,nan,nan,nan,nan,nan,nan,nan,0,nan
2020-03-10,Montréal,3,0,0,0,0,176,0.0,0,0,nan,nan,nan,nan,nan,nan,nan,nan,nan,0,nan
2020-03-11,Montréal,3,0,1,0,0,236,0.0,0,0,nan,nan,nan,nan,nan,nan,nan,nan,nan,0,nan
2020-03-12,Montréal,3,0,1,0,0,308,2.22,0,0,nan,nan,nan,nan,nan,nan,nan,nan,nan,0,nan
2020-03-13,Montréal,7,0,1,0,0,387,1.0,0,0,nan,nan,nan,nan,nan,nan,nan,nan,nan,0,nan
2020-03-14,Montréal,8,0,1,0,0,427,1.54,0,0,nan,nan,nan,nan,nan,nan,nan,nan,nan,0,nan
2020-03-15,Montréal,10,0,1,0,0,555,0.61,0,0,nan,nan,nan,nan,nan,nan,nan,nan,nan,0,nan
2020-03-16,Montréal,18,0,2,0,0,664,1.3,0,0,nan,nan,nan,nan,nan,nan,nan,nan,nan,0,nan
2020-03-17,Montréal,22,0,3,0,0,810,2.4,0,0,nan,nan,nan,nan,nan,nan,nan,nan,nan,0,nan
2020-03-18,Montréal,24,0,3,0,0,931,1.28,0,0,nan,nan,nan,nan,nan,nan,nan,nan,nan,0,nan
2020-03-19,Montréal,28,0,3,0,0,1243,1.72,0,0,nan,nan,nan,nan,nan,nan,nan,nan,nan,0,nan
2020-03-20,Montréal,31,0,3,0,0,1733,4.24,0,0,nan,nan,nan,nan,nan,nan,nan,nan,nan,0,nan
2020-03-21,Montréal,41,0,3,0,0,2268,3.93,0,0,nan,nan,nan,nan,nan,nan,nan,nan,nan,0,nan
2020-03-22,Montréal,46,0,3,0,0,3165,7.32,0,0,nan,nan,nan,nan,nan,nan,nan,nan,nan,0,nan
2020-03-23,Montréal,265,0,4,0,0,3855,9.62,0,0,nan,nan,nan,nan,nan,nan,nan,nan,nan,0,nan
2020-03-24,Montréal,439,0,6,0,0,4575,12.08,0,0,nan,nan,nan,nan,nan,nan,nan,nan,nan,0,nan
2020-03-25,Montréal,603,1,9,0,0,5761,7.58,0,0,nan,nan,nan,nan,nan,nan,nan,nan,nan,0,nan
2020-03-26,Montréal,782,1,12,0,0,7439,6.25,0,0,nan,nan,nan,nan,nan,nan,nan,nan,nan,0,nan
2020-03-27,Montréal,971,3,13,0,0,8946,7.94,0,0,nan,nan,nan,nan,nan,nan,nan,nan,nan,0,nan
2020-03-28,Montréal,1219,3,16,0,0,10485,12.44,0,0,nan,nan,nan,nan,nan,nan,nan,nan,nan,0,nan
2020-03-29,Montréal,1361,4,19,0,0,11927,9.39,0,0,nan,nan,nan,nan,nan,nan,nan,nan,nan,0,nan
2020-03-30,Montréal,1612,4,24,0,0,13904,9.47,0,0,nan,nan,nan,nan,nan,nan,nan,nan,nan,0,nan
2020-03-31,Montréal,1991,7,36,0,0,16029,9.8,0,0,nan,nan,nan,nan,nan,nan,nan,nan,nan,0,nan
2020-04-01,Montréal,2097,7,47,0,0,17643,13.36,0,0,nan,nan,nan,nan,nan,nan,nan,nan,nan,0,nan
2020-04-02,Montréal,2642,7,62,0,0,18744,17.03,0,0,nan,nan,nan,nan,nan,nan,nan,nan,nan,0,nan
2020-04-03,Montréal,2837,29,86,0,0,20053,16.76,0,0,nan,nan,nan,nan,nan,nan,nan,nan,nan,0,nan
2020-04-04,Montréal,3261,34,139,0,0,21243,14.89,0,0,nan,nan,nan,nan,nan,nan,nan,nan,nan,0,nan
2020-04-05,Montréal,3713,41,239,0,0,22311,20.09,0,0,nan,nan,nan,nan,nan,nan,nan,nan,nan,0,nan
2020-04-06,Montréal,3977,58,346,0,0,23044,18.43,0,0,nan,nan,nan,nan,nan,nan,nan,nan,nan,0,nan
2020-04-07,Montréal,4407,64,496,0,0,23845,21.86,0,0,nan,nan,nan,nan,nan,nan,nan,nan,nan,0,nan
2020-04-08,Montréal,4775,77,709,0,0,24935,20.97,0,0,nan,nan,nan,nan,nan,nan,nan,nan,nan,0,nan
2020-04-09,Montréal,5262,93,990,0,0,25776,19.99,0,0,nan,nan,nan,nan,nan,nan,nan,nan,nan,0,nan
2020-04-10,Montréal,5617,100,1254,0,0,26761,23.07,0,0,nan,nan,nan,nan,nan,nan,nan,nan,nan,0,nan
2020-04-11,Montréal,5861,135,1580,0,0,27458,20.36,0,0,nan,nan,nan,nan,nan,nan,nan,nan,nan,0,nan
2020-04-12,Montréal,6088,153,1902,0,0,28115,18.59,0,0,nan,nan,nan,nan,nan,nan,nan,nan,nan,0,nan
2020-04-13,Montréal,6393,162,2201,0,0,29054,20.15,0,0,nan,nan,nan,nan,nan,nan,nan,nan,nan,0,nan
2020-04-14,Montréal,6628,218,2586,0,0,30390,16.24,0,0,nan,nan,nan,nan,nan,nan,nan,nan,nan,0,nan
2020-04-15,Montréal,6830,242,2997,0,0,31477,21.95,0,0,nan,nan,nan,nan,nan,nan,nan,nan,nan,0,nan
2020-04-16,Montréal,7281,332,3399,0,0,32379,22.43,0,0,nan,nan,nan,nan,nan,nan,nan,nan,nan,0,nan
2020-04-17,Montréal,7760,391,3823,0,0,33284,24.17,0,0,nan,nan,nan,nan,nan,nan,nan,nan,nan,0,nan
2020-04-18,Montréal,8052,454,4236,0,0,34127,22.89,0,0,nan,nan,nan,nan,nan,nan,nan,nan,nan,0,nan
2020-04-19,Montréal,8457,513,4565,0,0,34827,21.47,0,0,nan,nan,nan,nan,nan,nan,nan,nan,nan,0,nan
2020-04-20,Montréal,8964,525,4853,0,0,35460,22.15,0,0,nan,nan,nan,nan,nan,nan,nan,nan,nan,0,nan
2020-04-21,Montréal,9348,583,5197,0,0,36058,22.54,0,0,nan,nan,nan,nan,nan,nan,nan,nan,nan,0,nan
2020-04-22,Montréal,9856,647,5508,0,0,36815,20.55,0,0,nan,nan,nan,nan,nan,nan,nan,nan,nan,0,nan
2020-04-23,Montréal,10375,741,5830,0,0,37714,19.57,0,0,nan,nan,nan,nan,nan,nan,nan,nan,nan,0,nan
2020-04-24,Montréal,10897,808,6110,0,0,38588,18.46,0,0,nan,nan,nan,nan,nan,nan,nan,nan,nan,0,nan
2020-04-25,Montréal,11161,895,6381,0,0,39508,20.08,0,0,nan,nan,nan,nan,nan,nan,nan,nan,nan,0,nan
2020-04-26,Montréal,11621,938,6646,0,0,40272,16.21,0,0,nan,nan,nan,nan,nan,nan,nan,nan,nan,0,nan
2020-04-27,Montréal,12034,983,6907,0,0,40992,16.68,0,0,nan,nan,nan,nan,nan,nan,nan,nan,nan,0,nan
2020-04-28,Montréal,12487,1039,7248,0,0,41640,19.33,0,0,nan,nan,nan,nan,nan,nan,nan,nan,nan,0,nan
2020-04-29,Montréal,12811,1078,7607,0,0,42400,20.24,0,0,nan,nan,nan,nan,nan,nan,nan,nan,nan,0,nan
2020-04-30,Montréal,13324,1146,8077,0,0,43403,18.91,0,0,nan,nan,nan,nan,nan,nan,nan,nan,nan,0,nan
2020-05-01,Montréal,13979,1245,8410,0,0,44363,18.35,0,0,nan,nan,nan,nan,nan,nan,nan,nan,nan,0,nan
2020-05-02,Montréal,14599,1312,8813,0,0,45319,17.61,0,0,nan,nan,nan,nan,nan,nan,nan,nan,nan,0,nan
2020-05-03,Montréal,16251,1365,9123,0,0,46105,18.9,0,0,nan,nan,nan,nan,nan,nan,nan,nan,nan,0,nan
2020-05-04,Montréal,16606,1410,9370,0,0,46745,19.05,0,0,nan,nan,nan,nan,nan,nan,nan,nan,nan,0,nan
2020-05-05,Montréal,16991,1488,9716,0,0,47360,16.03,0,0,nan,nan,nan,nan,nan,nan,nan,nan,nan,0,nan
2020-05-06,Montréal,17442,1562,10028,0,0,48236,18.03,0,0,nan,nan,nan,nan,nan,nan,nan,nan,nan,0,nan
2020-05-07,Montréal,17918,1666,10441,0,0,49408,15.87,0,0,nan,nan,nan,nan,nan,nan,nan,nan,nan,0,nan
2020-05-08,Montréal,18435,1727,10860,0,0,50650,15.35,0,0,nan,nan,nan,nan,nan,nan,nan,nan,nan,0,nan
2020-05-09,Montréal,18855,1760,11246,0,0,51944,12.81,0,0,nan,nan,nan,nan,nan,nan,nan,nan,nan,0,nan
2020-05-10,Montréal,19197,1863,11589,0,0,52987,12.2,0,0,nan,nan,nan,nan,nan,nan,nan,nan,nan,0,nan
2020-05-11,Montréal,19492,1919,11873,0,0,53913,11.69,0,0,nan,nan,nan,nan,nan,nan,nan,nan,nan,0,nan
2020-05-12,Montréal,19878,2003,12383,0,0,54806,13.12,0,0,nan,nan,nan,nan,nan,nan,nan,nan,nan,0,nan
2020-05-13,Montréal,20232,2063,12818,0,0,56236,10.99,0,0,nan,nan,nan,nan,nan,nan,nan,nan,nan,0,nan
2020-05-14,Montréal,20633,2154,13300,0,0,57956,9.98,0,0,nan,nan,nan,nan,nan,nan,nan,nan,nan,0,nan
2020-05-15,Montréal,21038,2182,13787,0,0,60125,9.21,0,0,nan,nan,nan,nan,nan,nan,nan,nan,nan,0,nan
2020-05-16,Montréal,21410,2234,14153,0,0,61980,8.19,0,0,nan,nan,nan,nan,nan,nan,nan,nan,nan,0,nan
2020-05-17,Montréal,21717,2276,14476,0,0,63783,8.36,0,0,nan,nan,nan,nan,nan,nan,nan,nan,nan,0,nan
2020-05-18,Montréal,22028,2296,14740,0,0,65506,9.05,0,0,nan,nan,nan,nan,nan,nan,nan,nan,nan,0,nan
2020-05-19,Montréal,22317,2323,15078,0,0,66824,10.1,0,0,nan,nan,nan,nan,nan,nan,nan,nan,nan,0,nan
2020-05-20,Montréal,22636,2367,15389,0,0,68609,9.24,0,0,nan,nan,nan,nan,nan,nan,nan,nan,nan,0,nan
2020-05-21,Montréal,23064,2411,15741,0,0,70512,8.09,0,0,nan,nan,nan,nan,nan,nan,nan,nan,nan,0,nan
2020-05-22,Montréal,23413,2454,16151,0,0,72621,7.63,0,0,nan,nan,nan,nan,nan,nan,nan,nan,nan,0,nan
2020-05-23,Montréal,23696,2508,16489,0,0,74590,6.14,0,0,nan,nan,nan,nan,nan,nan,nan,nan,nan,0,nan
2020-05-24,Montréal,23918,2538,16793,0,0,76378,6.7,0,0,nan,nan,nan,nan,nan,nan,nan,nan,nan,0,nan
2020-05-25,Montréal,24116,2558,17014,0,0,78371,5.55,0,0,nan,nan,nan,nan,nan,nan,nan,nan,nan,0,nan
2020-05-26,Montréal,24388,2584,17350,0,0,79815,5.44,0,0,nan,nan,nan,nan,nan,nan,nan,nan,nan,0,nan
2020-05-27,Montréal,24611,2624,17661,0,0,81438,5.67,0,0,nan,nan,nan,nan,nan,nan,nan,nan,nan,0,nan
2020-05-28,Montréal,24838,2666,18025,0,0,83428,5.07,0,0,nan,nan,nan,nan,nan,nan,nan,nan,nan,0,nan
2020-05-29,Montréal,25043,2690,18342,0,0,85369,4.84,0,0,nan,nan,nan,nan,nan,nan,nan,nan,nan,0,nan
2020-05-30,Montréal,25227,2740,18678,0,0,87074,4.67,0,0,nan,nan,nan,nan,nan,nan,nan,nan,nan,0,nan
2020-05-31,Montréal,25437,2919,18902,0,0,88982,4.71,0,0,nan,nan,nan,nan,nan,nan,nan,nan,nan,0,nan
2020-06-01,Montréal,25545,2927,19162,0,0,90405,4.16,0,0,nan,nan,nan,nan,nan,nan,nan,nan,nan,0,nan
2020-06-02,Montréal,25652,2947,19420,0,0,91534,4.31,0,0,nan,nan,nan,nan,nan,nan,nan,nan,nan,0,nan
2020-06-03,Montréal,25788,2982,19672,0,0,93221,3.53,0,0,nan,nan,nan,nan,nan,nan,nan,nan,nan,0,nan
2020-06-04,Montréal,25900,3016,19935,0,0,95123,2.81,0,0,nan,nan,nan,nan,nan,nan,nan,nan,nan,0,nan
2020-06-05,Montréal,26025,3047,20144,0,0,96728,3.4,0,0,nan,nan,nan,nan,nan,nan,nan,nan,nan,0,nan
2020-06-06,Montréal,26122,3062,20329,0,0,98469,2.95,0,0,nan,nan,nan,nan,nan,nan,nan,nan,nan,0,nan
2020-06-07,Montréal,26205,3067,20453,0,0,99978,3.18,0,0,nan,nan,nan,nan,nan,nan,nan,nan,nan,0,nan
2020-06-08,Montréal,26288,3068,20583,0,0,101138,2.96,0,0,nan,nan,nan,nan,nan,nan,nan,nan,nan,0,nan
2020-06-09,Montréal,26351,3088,20729,0,0,102258,2.04,0,0,nan,nan,nan,nan,nan,nan,nan,nan,nan,0,nan
2020-06-10,Montréal,26412,3117,20907,0,0,103886,2.06,0,0,nan,nan,nan,nan,nan,nan,nan,nan,nan,0,nan
2020-06-11,Montréal,26475,3130,21080,0,0,105456,2.36,0,0,nan,nan,nan,nan,nan,nan,nan,nan,nan,0,nan
2020-06-12,Montréal,26557,3158,21256,0,0,106826,2.47,0,0,nan,nan,nan,nan,nan,nan,nan,nan,nan,0,nan
2020-06-13,Montréal,26613,3189,21420,0,0,108529,1.88,0,0,nan,nan,nan,nan,nan,nan,nan,nan,nan,0,nan
2020-06-14,Montréal,26688,3189,21542,0,0,109878,1.89,0,0,nan,nan,nan,nan,nan,nan,nan,nan,nan,0,nan
2020-06-15,Montréal,26717,3205,21638,0,0,110882,1.87,0,0,nan,nan,nan,nan,nan,nan,nan,nan,nan,0,nan
2020-06-16,Montréal,26757,3216,21808,0,0,111989,2.39,0,0,nan,nan,nan,nan,nan,nan,nan,nan,nan,0,nan
2020-06-17,Montréal,26815,3238,21912,0,0,113407,1.81,0,0,nan,nan,nan,nan,nan,nan,nan,nan,nan,0,nan
2020-06-18,Montréal,26873,3267,22037,0,0,114876,1.57,0,0,nan,nan,nan,nan,nan,nan,nan,nan,nan,0,nan
2020-06-19,Montréal,26937,3298,22120,0,0,116465,1.56,0,0,nan,nan,nan,nan,nan,nan,nan,nan,nan,0,nan
2020-06-20,Montréal,27001,3321,22221,0,0,118089,1.23,0,0,nan,nan,nan,nan,nan,nan,nan,nan,nan,0,nan
2020-06-21,Montréal,27042,3329,22261,0,0,119206,1.43,0,0,nan,nan,nan,nan,nan,nan,nan,nan,nan,0,nan
2020-06-22,Montréal,27057,3329,22303,0,0,119955,1.74,0,0,nan,nan,nan,nan,nan,nan,nan,nan,nan,0,nan
2020-06-23,Montréal,27074,3331,22365,0,0,120727,1.93,0,0,nan,nan,nan,nan,nan,nan,nan,nan,nan,0,nan
2020-06-24,Montréal,27093,3339,22434,0,0,121653,1.51,0,0,nan,nan,nan,nan,nan,nan,nan,nan,nan,0,nan
2020-06-25,Montréal,27149,3342,22479,0,0,122850,1.43,0,0,nan,nan,nan,nan,nan,nan,nan,nan,nan,0,nan
2020-06-26,Montréal,27149,3342,22523,0,0,124117,1.57,0,0,nan,nan,nan,nan,nan,nan,nan,nan,nan,0,nan
2020-06-27,Montréal,27149,3342,22599,0,0,125439,1.09,0,0,nan,nan,nan,nan,nan,nan,nan,nan,nan,0,nan
2020-06-28,Montréal,27149,3342,22622,0,0,126659,1.36,0,0,nan,nan,nan,nan,nan,nan,nan,nan,nan,0,nan
2020-06-29,Montréal,27270,3361,22646,0,0,127559,1.02,0,0,nan,nan,nan,nan,nan,nan,nan,nan,nan,0,nan
2020-06-30,Montréal,27299,3376,22709,0,0,128399,0.39,0,0,nan,nan,nan,nan,nan,nan,nan,nan,nan,0,nan
2020-07-01,Montréal,27327,3392,22766,0,0,129784,1.38,0,0,nan,nan,nan,nan,nan,nan,nan,nan,nan,0,nan
2020-07-02,Montréal,27349,3396,22838,0,0,130987,0.87,0,0,nan,nan,nan,nan,nan,nan,nan,nan,nan,0,nan
2020-07-03,Montréal,27377,3406,22915,0,0,131831,0.86,0,0,nan,nan,nan,nan,nan,nan,nan,nan,nan,0,nan
2020-07-04,Montréal,27400,3406,22971,0,0,133010,0.89,0,0,nan,nan,nan,nan,nan,nan,nan,nan,nan,0,nan
2020-07-05,Montréal,27417,3408,23010,0,0,134060,0.7,0,0,nan,nan,nan,nan,nan,nan,nan,nan,nan,0,nan
2020-07-06,Montréal,27425,3408,23033,0,0,135111,0.68,0,0,nan,nan,nan,nan,nan,nan,nan,nan,nan,0,nan
2020-07-07,Montréal,27438,3413,23079,0,0,136116,0.74,0,0,nan,nan,nan,nan,nan,nan,nan,nan,nan,0,nan
2020-07-08,Montréal,27461,3415,23118,0,0,137395,1.11,0,0,nan,nan,nan,nan,nan,nan,nan,nan,nan,0,nan
2020-07-09,Montréal,27497,3418,23154,0,0,139015,1.42,0,0,nan,nan,nan,nan,nan,nan,nan,nan,nan,0,nan
2020-07-10,Montréal,27529,3418,23196,0,0,140578,1.24,0,0,nan,nan,nan,nan,nan,nan,nan,nan,nan,0,nan
2020-07-11,Montréal,27555,3420,23229,0,0,142116,1.31,0,0,nan,nan,nan,nan,nan,nan,nan,nan,nan,0,nan
2020-07-12,Montréal,27603,3423,23248,0,0,143656,0.83,0,0,nan,nan,nan,nan,nan,nan,nan,nan,nan,0,nan
2020-07-13,Montréal,27628,3424,23269,0,0,144874,1.01,0,0,nan,nan,nan,nan,nan,nan,nan,nan,nan,0,nan
2020-07-14,Montréal,27661,3426,23308,0,0,146584,2.64,0,0,nan,nan,nan,nan,nan,nan,nan,nan,nan,0,nan
2020-07-15,Montréal,27733,3427,23334,0,0,148690,1.42,0,0,nan,nan,nan,nan,nan,nan,nan,nan,nan,0,nan
2020-07-16,Montréal,27787,3431,23355,0,0,151326,1.9,0,0,nan,nan,nan,nan,nan,nan,nan,nan,nan,0,nan
2020-07-17,Montréal,27863,3431,23376,0,0,154585,1.47,0,0,nan,nan,nan,nan,nan,nan,nan,nan,nan,0,nan
2020-07-18,Montréal,27951,3434,23392,0,0,157960,1.34,0,0,nan,nan,nan,nan,nan,nan,nan,nan,nan,0,nan
2020-07-19,Montréal,28000,3434,23403,0,0,161110,2.0,0,0,nan,nan,nan,nan,nan,nan,nan,nan,nan,0,nan
2020-07-20,Montréal,28075,3434,23424,0,0,163451,1.1,0,0,nan,nan,nan,nan,nan,nan,nan,nan,nan,0,nan
2020-07-21,Montréal,28167,3434,23457,0,0,165550,1.54,0,0,nan,nan,nan,nan,nan,nan,nan,nan,nan,0,nan
2020-07-22,Montréal,28228,3434,23498,0,0,168663,1.06,0,0,nan,nan,nan,nan,nan,nan,nan,nan,nan,0,nan
2020-07-23,Montréal,28274,3434,23539,0,0,171530,1.65,0,0,nan,nan,nan,nan,nan,nan,nan,nan,nan,0,nan
2020-07-24,Montréal,28340,3434,23578,0,0,174559,1.42,0,0,nan,nan,nan,nan,nan,nan,nan,nan,nan,0,nan
2020-07-25,Montréal,28425,3434,23610,0,0,177434,0.99,0,0,nan,nan,nan,nan,nan,nan,nan,nan,nan,0,nan
2020-07-26,Montréal,28475,3434,23682,0,0,179631,1.1,0,0,nan,nan,nan,nan,nan,nan,nan,nan,nan,0,nan
2020-07-27,Montréal,28520,3434,23735,0,0,181851,0.86,0,0,nan,nan,nan,nan,nan,nan,nan,nan,nan,0,nan
2020-07-28,Montréal,28608,3434,23806,0,0,184284,0.98,0,0,nan,nan,nan,nan,nan,nan,nan,nan,nan,0,nan
2020-07-29,Montréal,28656,3434,23898,0,0,186570,0.93,0,0,nan,nan,nan,nan,nan,nan,nan,nan,nan,0,nan
2020-07-30,Montréal,28701,3434,23992,0,0,189681,1.36,0,0,nan,nan,nan,nan,nan,nan,nan,nan,nan,0,nan
2020-07-31,Montréal,28772,3437,24072,0,0,192564,1.15,0,0,nan,nan,nan,nan,nan,nan,nan,nan,nan,0,nan
2020-08-01,Montréal,28843,3441,24135,0,0,195005,0.83,0,0,nan,nan,nan,nan,nan,nan,nan,nan,nan,0,nan
2020-08-02,Montréal,28904,3443,24181,0,0,197264,1.05,0,0,nan,nan,nan,nan,nan,nan,nan,nan,nan,0,nan
2020-08-03,Montréal,28947,3444,24251,0,0,199012,1.18,0,0,nan,nan,nan,nan,nan,nan,nan,nan,nan,0,nan
2020-08-04,Montréal,28987,3445,24309,0,0,201024,1.34,0,0,nan,nan,nan,nan,nan,nan,nan,nan,nan,0,nan
2020-08-05,Montréal,29045,3447,24386,0,0,203755,1.06,0,0,nan,nan,nan,nan,nan,nan,nan,nan,nan,0,nan
2020-08-06,Montréal,29095,3447,24447,0,0,205949,0.93,0,0,nan,nan,nan,nan,nan,nan,nan,nan,nan,0,nan
2020-08-07,Montréal,29133,3447,24507,0,0,208455,0.71,0,0,nan,nan,nan,nan,nan,nan,nan,nan,nan,0,nan
2020-08-08,Montréal,29184,3450,24545,0,0,210905,0.91,0,0,nan,nan,nan,nan,nan,nan,nan,nan,nan,0,nan
2020-08-09,Montréal,29207,3452,24583,0,0,213095,1.22,0,0,nan,nan,nan,nan,nan,nan,nan,nan,nan,0,nan
2020-08-10,Montréal,29244,3450,24618,0,0,214527,1.16,0,0,nan,nan,nan,nan,nan,nan,nan,nan,nan,0,nan
2020-08-11,Montréal,29276,3450,24666,0,0,216296,0.93,0,0,nan,nan,nan,nan,nan,nan,nan,nan,nan,0,nan
2020-08-12,Montréal,29316,3462,24734,0,0,218660,0.97,0,0,nan,nan,nan,nan,nan,nan,nan,nan,nan,0,nan
2020-08-13,Montréal,29363,3463,24796,0,0,221063,0.73,0,0,nan,nan,nan,nan,nan,nan,nan,nan,nan,0,nan
2020-08-14,Montréal,29374,3463,24838,0,0,223388,0.72,0,0,nan,nan,nan,nan,nan,nan,nan,nan,nan,0,nan
2020-08-15,Montréal,29422,3462,24899,0,0,225228,0.64,0,0,nan,nan,nan,nan,nan,nan,nan,nan,nan,0,nan
2020-08-16,Montréal,29440,3462,24927,0,0,226776,0.59,0,0,nan,nan,nan,nan,nan,nan,nan,nan,nan,0,nan
2020-08-17,Montréal,29450,3462,24973,0,0,228058,0.29,0,0,nan,nan,nan,nan,nan,nan,nan,nan,nan,0,nan
2020-08-18,Montréal,29472,3462,25034,0,0,229836,0.7,0,0,nan,nan,nan,nan,nan,nan,nan,nan,nan,0,nan
2020-08-19,Montréal,29491,3464,25081,0,0,231826,0.64,0,0,nan,nan,nan,nan,nan,nan,nan,nan,nan,0,nan
2020-08-20,Montréal,29514,3464,25115,0,0,233763,0.58,0,0,nan,nan,nan,nan,nan,nan,nan,nan,nan,0,nan
2020-08-21,Montréal,29546,3465,25152,0,0,235947,0.83,0,0,nan,nan,nan,nan,nan,nan,nan,nan,nan,0,nan
2020-08-22,Montréal,29582,3466,25195,0,0,237866,0.74,0,0,nan,nan,nan,nan,nan,nan,nan,nan,nan,0,nan
2020-08-23,Montréal,29595,3466,25223,0,0,239556,0.5,0,0,nan,nan,nan,nan,nan,nan,nan,nan,nan,0,nan
2020-08-24,Montréal,29621,3466,25260,0,0,240854,0.63,0,0,nan,nan,nan,nan,nan,nan,nan,nan,nan,0,nan
2020-08-25,Montréal,29637,3465,25293,0,0,242180,0.62,0,0,nan,nan,nan,nan,nan,nan,nan,nan,nan,0,nan
2020-08-26,Montréal,29713,3465,25324,0,0,244292,1.1,0,0,nan,nan,nan,nan,nan,nan,nan,nan,nan,0,nan
2020-08-27,Montréal,29754,3467,25362,0,0,246167,1.23,0,0,nan,nan,nan,nan,nan,nan,nan,nan,nan,0,nan
2020-08-28,Montréal,29744,3466,25391,0,0,248127,0.7,0,0,nan,nan,nan,nan,nan,nan,nan,nan,nan,0,nan
2020-08-29,Montréal,29769,3469,25406,0,0,250060,1.05,0,0,nan,nan,nan,nan,nan,nan,nan,nan,nan,0,nan
2020-08-30,Montréal,29815,3469,25425,0,0,251533,1.01,0,0,nan,nan,nan,nan,nan,nan,nan,nan,nan,0,nan
2020-08-31,Montréal,29840,3469,25441,0,0,252711,0.94,0,0,nan,nan,nan,nan,nan,nan,nan,nan,nan,0,nan
2020-09-01,Montréal,29862,3471,25464,0,0,254285,0.85,0,0,nan,nan,nan,nan,nan,nan,nan,nan,nan,0,nan
2020-09-02,Montréal,29894,3472,25491,0,0,256374,1.13,0,0,nan,nan,nan,nan,nan,nan,nan,nan,nan,0,nan
2020-09-03,Montréal,29935,3475,25531,0,0,258460,1.32,0,0,nan,nan,nan,nan,nan,nan,nan,nan,nan,0,nan
2020-09-04,Montréal,29960,3474,25562,0,0,260842,0.98,0,0,nan,nan,nan,nan,nan,nan,nan,nan,nan,0,nan
2020-09-05,Montréal,30028,3474,25585,0,0,263194,0.92,0,0,nan,nan,nan,nan,nan,nan,nan,nan,nan,0,nan
2020-09-06,Montréal,30085,3474,25602,0,0,265062,2.02,0,0,nan,nan,nan,nan,nan,nan,nan,nan,nan,0,nan
2020-09-07,Montréal,30148,3474,25627,0,0,266887,1.83,0,0,nan,nan,nan,nan,nan,nan,nan,nan,nan,0,nan
2020-09-08,Montréal,30191,3474,25691,0,0,268829,1.49,0,0,nan,nan,nan,nan,nan,nan,nan,nan,nan,0,nan
2020-09-09,Montréal,30245,3474,25761,0,0,271383,1.34,0,0,nan,nan,nan,nan,nan,nan,nan,nan,nan,0,nan
2020-09-10,Montréal,30283,3474,25820,0,0,274772,1.33,0,0,nan,nan,nan,nan,nan,nan,nan,nan,nan,0,nan
2020-09-11,Montréal,30323,3473,25871,0,0,278062,1.46,0,0,nan,nan,nan,nan,nan,nan,nan,nan,nan,0,nan
2020-09-12,Montréal,30378,3477,25935,0,0,281222,1.69,0,0,nan,nan,nan,nan,nan,nan,nan,nan,nan,0,nan
2020-09-13,Montréal,30435,3476,25984,0,0,284170,1.75,0,0,nan,nan,nan,nan,nan,nan,nan,nan,nan,0,nan
2020-09-14,Montréal,30474,3476,26025,0,0,286889,1.73,0,0,nan,nan,nan,nan,nan,nan,nan,nan,nan,0,nan
2020-09-15,Montréal,30570,3476,26103,0,0,289596,1.26,0,0,nan,nan,nan,nan,nan,nan,nan,nan,nan,0,nan
2020-09-16,Montréal,30667,3476,26170,0,0,292738,1.79,0,0,nan,nan,nan,nan,nan,nan,nan,nan,nan,0,nan
2020-09-17,Montréal,30963,3476,26231,0,0,296002,1.48,0,0,nan,nan,nan,nan,nan,nan,nan,nan,nan,0,nan
2020-09-18,Montréal,31021,3476,26295,0,0,299386,1.83,0,0,nan,nan,nan,nan,nan,nan,nan,nan,nan,0,nan
2020-09-19,Montréal,31149,3476,26376,0,0,303795,1.96,0,0,nan,nan,nan,nan,nan,nan,nan,nan,nan,0,nan
2020-09-20,Montréal,31309,3476,26469,0,0,306590,2.77,0,0,nan,nan,nan,nan,nan,nan,nan,nan,nan,0,nan
2020-09-21,Montréal,31528,3476,26573,0,0,310040,2.62,0,0,nan,nan,nan,nan,nan,nan,nan,nan,nan,0,nan
2020-09-22,Montréal,31670,3476,26689,0,0,312921,2.74,0,0,nan,nan,nan,nan,nan,nan,nan,nan,nan,0,nan
2020-09-23,Montréal,31816,3477,26768,0,0,316386,2.65,0,0,nan,nan,nan,nan,nan,nan,nan,nan,nan,0,nan
2020-09-24,Montréal,32063,3477,26840,0,0,320178,3.47,0,0,nan,nan,nan,nan,nan,nan,nan,nan,nan,0,nan
2020-09-25,Montréal,32292,3478,26941,0,0,323912,3.37,0,0,nan,nan,nan,nan,nan,nan,nan,nan,nan,0,nan
2020-09-26,Montréal,32564,3478,27064,0,0,327303,3.95,0,0,nan,nan,nan,nan,nan,nan,nan,nan,nan,0,nan
2020-09-27,Montréal,32939,3478,27207,0,0,330780,4.47,0,0,nan,nan,nan,nan,nan,nan,nan,nan,nan,0,nan
2020-09-28,Montréal,33184,3478,27370,0,0,333623,4.59,0,0,nan,nan,nan,nan,nan,nan,nan,nan,nan,0,nan
2020-09-29,Montréal,33418,3479,27502,0,0,336995,4.51,0,0,nan,nan,nan,nan,nan,nan,nan,nan,nan,0,nan
2020-09-30,Montréal,33736,3480,27633,0,0,340796,4.23,0,0,nan,nan,nan,nan,nan,nan,nan,nan,nan,0,nan
2020-10-01,Montréal,34055,3481,27799,0,0,344462,3.95,0,0,nan,nan,nan,nan,nan,nan,nan,nan,nan,0,nan
2020-10-02,Montréal,34412,3482,28020,0,0,348083,4.93,0,0,nan,nan,nan,nan,nan,nan,nan,nan,nan,0,nan
2020-10-03,Montréal,34823,3482,28304,0,0,351895,5.33,0,0,nan,nan,nan,nan,nan,nan,nan,nan,nan,0,nan
2020-10-04,Montréal,35167,3483,28594,0,0,354801,4.45,0,0,nan,nan,nan,nan,nan,nan,nan,nan,nan,0,nan
2020-10-05,Montréal,35496,3484,28914,0,0,357728,4.98,0,0,nan,nan,nan,nan,nan,nan,nan,nan,nan,0,nan
2020-10-06,Montréal,35938,3487,29231,0,0,360524,4.38,0,0,nan,nan,nan,nan,nan,nan,nan,nan,nan,0,nan
2020-10-07,Montréal,36207,3487,29946,0,0,364125,3.75,0,0,nan,nan,nan,nan,nan,nan,nan,nan,nan,0,nan
2020-10-08,Montréal,36497,3490,30265,0,0,367089,3.7,0,0,nan,nan,nan,nan,nan,nan,nan,nan,nan,0,nan
2020-10-09,Montréal,36842,3493,30584,0,0,370479,3.85,0,0,nan,nan,nan,nan,nan,nan,nan,nan,nan,0,nan
2020-10-10,Montréal,37119,3495,30975,0,0,372744,4.17,0,0,nan,nan,nan,nan,nan,nan,nan,nan,nan,0,nan
2020-10-11,Montréal,37355,3495,31365,0,0,375090,5.19,0,0,nan,nan,nan,nan,nan,nan,nan,nan,nan,0,nan
2020-10-12,Montréal,37664,3495,31698,0,0,377196,5.37,0,0,nan,nan,nan,nan,nan,nan,nan,nan,nan,0,nan
2020-10-13,Montréal,37942,3495,31698,0,0,378951,4.42,0,0,nan,nan,nan,nan,nan,nan,nan,nan,nan,0,nan
2020-10-14,Montréal,38131,3498,32254,0,0,381253,4.93,0,0,nan,nan,nan,nan,nan,nan,nan,nan,nan,0,nan
2020-10-15,Montréal,38427,3501,32505,0,0,383453,3.92,0,0,nan,nan,nan,nan,nan,nan,nan,nan,nan,0,nan
2020-10-16,Montréal,38677,3506,32806,0,0,385754,3.98,0,0,nan,nan,nan,nan,nan,nan,nan,nan,nan,0,nan
2020-10-17,Montréal,38968,3507,33131,0,0,387765,5.27,0,0,nan,nan,nan,nan,nan,nan,nan,nan,nan,0,nan
2020-10-18,Montréal,39203,3507,33427,0,0,389596,4.55,0,0,nan,nan,nan,nan,nan,nan,nan,nan,nan,0,nan
2020-10-19,Montréal,39396,3507,33709,0,0,391222,5.58,0,0,nan,nan,nan,nan,nan,nan,nan,nan,nan,0,nan
2020-10-20,Montréal,39712,3516,34005,0,0,392958,4.59,0,0,nan,nan,nan,nan,nan,nan,nan,nan,nan,0,nan
2020-10-21,Montréal,39935,3513,34199,0,0,395443,4.69,0,0,nan,nan,nan,nan,nan,nan,nan,nan,nan,0,nan
2020-10-22,Montréal,40233,3513,34372,0,0,397562,4.25,0,0,nan,nan,nan,nan,nan,nan,nan,nan,nan,0,nan
2020-10-23,Montréal,40470,3514,34547,0,0,399874,3.51,0,0,nan,nan,nan,nan,nan,nan,nan,nan,nan,0,nan
2020-10-24,Montréal,40723,3514,34808,0,0,401931,3.76,0,0,nan,nan,nan,nan,nan,nan,nan,nan,nan,0,nan
2020-10-25,Montréal,40869,3515,35028,0,0,403855,4.86,0,0,nan,nan,nan,nan,nan,nan,nan,nan,nan,0,nan
2020-10-26,Montréal,41076,3515,35302,0,0,405663,5.66,0,0,nan,nan,nan,nan,nan,nan,nan,nan,nan,0,nan
2020-10-27,Montréal,41395,3518,35586,0,0,407203,4.39,0,0,nan,nan,nan,nan,nan,nan,nan,nan,nan,0,nan
2020-10-28,Montréal,41649,3521,35804,0,0,409373,4.16,0,0,nan,nan,nan,nan,nan,nan,nan,nan,nan,0,nan
2020-10-29,Montréal,41894,3526,35994,0,0,411359,3.3,0,0,nan,nan,nan,nan,nan,nan,nan,nan,nan,0,nan
2020-10-30,Montréal,42171,3527,36345,0,0,413538,3.13,0,0,nan,nan,nan,nan,nan,nan,nan,nan,nan,0,nan
2020-10-31,Montréal,42404,3529,36607,0,0,415426,3.66,0,0,nan,nan,nan,nan,nan,nan,nan,nan,nan,0,nan
2020-11-01,Montréal,42651,3529,36846,0,0,417293,4.82,0,0,nan,nan,nan,nan,nan,nan,nan,nan,nan,0,nan
2020-11-02,Montréal,42875,3529,37076,0,0,418868,4.65,0,0,nan,nan,nan,nan,nan,nan,nan,nan,nan,0,nan
2020-11-03,Montréal,43084,3535,37311,0,0,420287,4.38,0,0,nan,nan,nan,nan,nan,nan,nan,nan,nan,0,nan
2020-11-04,Montréal,43289,3538,37525,0,0,422229,4.15,0,0,nan,nan,nan,nan,nan,nan,nan,nan,nan,0,nan
2020-11-05,Montréal,43550,3541,37726,0,0,424277,4.06,0,0,nan,nan,nan,nan,nan,nan,nan,nan,nan,0,nan
2020-11-06,Montréal,43837,3544,38014,0,0,426340,4.4,0,0,nan,nan,nan,nan,nan,nan,nan,nan,nan,0,nan
2020-11-07,Montréal,44123,3547,38236,0,0,428201,4.68,0,0,nan,nan,nan,nan,nan,nan,nan,nan,nan,0,nan
2020-11-08,Montréal,44431,3547,38458,0,0,430043,5.44,0,0,nan,nan,nan,nan,nan,nan,nan,nan,nan,0,nan
2020-11-09,Montréal,44716,3548,38646,0,0,431684,5.48,0,0,nan,nan,nan,nan,nan,nan,nan,nan,nan,0,nan
2020-11-10,Montréal,44969,3553,38891,0,0,433393,6.67,0,0,nan,nan,nan,nan,nan,nan,nan,nan,nan,0,nan
2020-11-11,Montréal,45287,3554,39068,0,0,435280,4.99,0,0,nan,nan,nan,nan,nan,nan,nan,nan,nan,0,nan
2020-11-12,Montréal,45612,3562,39246,0,0,437295,4.83,0,0,nan,nan,nan,nan,nan,nan,nan,nan,nan,0,nan
2020-11-13,Montréal,45929,3566,39491,0,0,439352,4.23,0,0,nan,nan,nan,nan,nan,nan,nan,nan,nan,0,nan
2020-11-14,Montréal,46270,3568,39745,0,0,441585,4.79,0,0,nan,nan,nan,nan,nan,nan,nan,nan,nan,0,nan
2020-11-15,Montréal,46583,3568,40068,0,0,443517,4.84,0,0,nan,nan,nan,nan,nan,nan,nan,nan,nan,0,nan
2020-11-16,Montréal,46868,3570,40346,0,0,445233,5.59,0,0,nan,nan,nan,nan,nan,nan,nan,nan,nan,0,nan
2020-11-17,Montréal,47135,3577,40611,0,0,446852,5.24,0,0,nan,nan,nan,nan,nan,nan,nan,nan,nan,0,nan
2020-11-18,Montréal,47415,3579,40846,0,0,448840,3.76,0,0,nan,nan,nan,nan,nan,nan,nan,nan,nan,0,nan
2020-11-19,Montréal,47615,3586,41128,0,0,450805,3.76,0,0,nan,nan,nan,nan,nan,nan,nan,nan,nan,0,nan
2020-11-20,Montréal,47909,3589,41469,0,0,452658,3.95,0,0,nan,nan,nan,nan,nan,nan,nan,nan,nan,0,nan
2020-11-21,Montréal,48165,3591,41813,0,0,454660,3.71,0,0,nan,nan,nan,nan,nan,nan,nan,nan,nan,0,nan
2020-11-22,Montréal,48451,3591,42123,0,0,456462,4.28,0,0,nan,nan,nan,nan,nan,nan,nan,nan,nan,0,nan
2020-11-23,Montréal,48745,3595,42453,0,0,458174,6.25,0,0,nan,nan,nan,nan,nan,nan,nan,nan,nan,0,nan
2020-11-24,Montréal,49029,3596,42734,0,0,459471,6.19,0,0,nan,nan,nan,nan,nan,nan,nan,nan,nan,0,nan
2020-11-25,Montréal,49248,3600,42957,0,0,461379,4.15,0,0,nan,nan,nan,nan,nan,nan,nan,nan,nan,0,nan
2020-11-26,Montréal,49584,3600,42957,0,0,463495,4.51,0,0,nan,nan,nan,nan,nan,nan,nan,nan,nan,0,nan
2020-11-27,Montréal,49890,3610,43483,0,0,465331,5.3,0,0,nan,nan,nan,nan,nan,nan,nan,nan,nan,0,nan
2020-11-28,Montréal,50319,3618,43766,0,0,467220,5.93,0,0,nan,nan,nan,nan,nan,nan,nan,nan,nan,0,nan
2020-11-29,Montréal,50756,3621,44058,0,0,468987,5.49,0,0,nan,nan,nan,nan,nan,nan,nan,nan,nan,0,nan
2020-11-30,Montréal,51156,3621,44299,0,0,470672,7.64,0,0,nan,nan,nan,nan,nan,nan,nan,nan,nan,0,nan
2020-12-01,Montréal,51462,3628,44543,0,0,472303,7.22,0,0,nan,nan,nan,nan,nan,nan,nan,nan,nan,0,nan
2020-12-02,Montréal,51848,3641,44802,0,0,474237,6.59,0,0,nan,nan,nan,nan,nan,nan,nan,nan,nan,0,nan
2020-12-03,Montréal,52221,3649,45031,0,0,476196,5.71,0,0,nan,nan,nan,nan,nan,nan,nan,nan,nan,0,nan
2020-12-04,Montréal,52674,3654,45346,0,0,478684,5.71,0,0,nan,nan,nan,nan,nan,nan,nan,nan,nan,0,nan
2020-12-05,Montréal,53304,3666,45644,0,0,480799,6.2,0,0,nan,nan,nan,nan,nan,nan,nan,nan,nan,0,nan
2020-12-06,Montréal,53818,3670,45985,0,0,483056,7.31,0,0,nan,nan,nan,nan,nan,nan,nan,nan,nan,0,nan
2020-12-07,Montréal,54290,3673,46377,0,0,485287,7.15,0,0,nan,nan,nan,nan,nan,nan,nan,nan,nan,0,nan
2020-12-08,Montréal,54782,3677,46694,0,0,487015,7.13,0,0,nan,nan,nan,nan,nan,nan,nan,nan,nan,0,nan
2020-12-09,Montréal,55260,3682,47020,0,0,489397,6.86,0,0,nan,nan,nan,nan,nan,nan,nan,nan,nan,0,nan
2020-12-10,Montréal,55908,3688,47346,0,0,491939,6.7,0,0,nan,nan,nan,nan,nan,nan,nan,nan,nan,0,nan
2020-12-11,Montréal,56420,3700,47852,0,0,494521,6.75,0,0,nan,nan,nan,nan,nan,nan,nan,nan,nan,0,nan
2020-12-12,Montréal,57073,3707,48353,0,0,497112,6.03,0,0,nan,nan,nan,nan,nan,nan,nan,nan,nan,0,nan
2020-12-13,Montréal,57821,3708,48812,0,0,499472,7.93,0,0,nan,nan,nan,nan,nan,nan,nan,nan,nan,0,nan
2020-12-14,Montréal,58373,3708,49256,0,0,501667,8.54,0,0,nan,nan,nan,nan,nan,nan,nan,nan,nan,0,nan
2020-12-15,Montréal,58913,3725,49753,0,0,503827,8.79,143,0,nan,nan,nan,nan,nan,nan,nan,nan,nan,143,0.0
2020-12-16,Montréal,59539,3731,50149,0,0,506260,6.83,519,0,nan,nan,nan,nan,nan,nan,nan,nan,nan,519,0.0
2020-12-17,Montréal,60100,3731,50573,0,0,508628,7.67,833,0,nan,nan,nan,nan,nan,nan,nan,nan,nan,833,0.0
2020-12-18,Montréal,60709,3741,51156,0,0,511893,7.21,1128,0,nan,nan,nan,nan,nan,nan,nan,nan,nan,1128,0.0
2020-12-19,Montréal,61334,3749,51822,0,0,514678,7.64,1272,0,nan,nan,nan,nan,nan,nan,nan,nan,nan,1272,0.0
2020-12-20,Montréal,62120,3749,52424,0,0,517054,8.35,1355,0,nan,nan,nan,nan,nan,nan,nan,nan,nan,1355,0.0
2020-12-21,Montréal,62828,3761,53007,0,0,519574,8.37,1435,0,nan,nan,nan,nan,nan,nan,nan,nan,nan,1435,0.0
2020-12-22,Montréal,63721,3764,53606,0,0,522026,8.42,1755,0,nan,nan,nan,nan,nan,nan,nan,nan,nan,1755,0.0
2020-12-23,Montréal,64520,3788,54147,0,0,524557,7.4,2332,0,nan,nan,nan,nan,nan,nan,nan,nan,nan,2332,0.0
2020-12-24,Montréal,65412,3788,54756,0,0,527132,7.3,2809,0,nan,nan,nan,nan,nan,nan,nan,nan,nan,2809,0.0
2020-12-25,Montréal,65412,3788,54756,0,0,529720,8.9,2993,0,nan,nan,nan,nan,nan,nan,nan,nan,nan,2993,0.0
2020-12-26,Montréal,66791,3788,54756,0,0,531424,10.45,2993,0,nan,nan,nan,nan,nan,nan,nan,nan,nan,2993,0.0
2020-12-27,Montréal,67734,3788,54756,0,0,533168,14.05,3212,0,nan,nan,nan,nan,nan,nan,nan,nan,nan,3212,0.0
2020-12-28,Montréal,68680,3826,57649,0,0,534706,13.22,3412,0,nan,nan,nan,nan,nan,nan,nan,nan,nan,3412,0.0
2020-12-29,Montréal,69648,3840,58394,0,0,535956,12.6,3998,0,nan,nan,nan,nan,nan,nan,nan,nan,nan,3998,0.0
2020-12-30,Montréal,70402,3847,59061,0,0,537847,11.89,4549,0,nan,nan,nan,nan,nan,nan,nan,nan,nan,4549,0.0
2020-12-31,Montréal,71826,3862,59710,0,0,539805,10.21,5110,0,nan,nan,nan,nan,nan,nan,nan,nan,nan,5110,0.0
2021-01-01,Montréal,72762,3862,59710,0,0,541324,10.97,5146,0,nan,nan,nan,nan,nan,nan,nan,nan,nan,5146,0.0
2021-01-02,Montréal,72762,3862,59710,0,0,542852,12.78,5152,0,nan,nan,nan,nan,nan,nan,nan,nan,nan,5152,0.0
2021-01-03,Montréal,74062,3886,59710,0,0,544230,13.24,5168,0,nan,nan,nan,nan,nan,nan,nan,nan,nan,5168,0.0
2021-01-04,Montréal,75190,3895,62903,0,0,545838,13.94,5181,0,nan,nan,nan,nan,nan,nan,nan,nan,nan,5181,0.0
2021-01-05,Montréal,75980,3907,63413,0,0,547314,12.82,5754,0,nan,nan,nan,nan,nan,nan,nan,nan,nan,5754,0.0
2021-01-06,Montréal,76826,3923,64135,0,0,549107,9.66,7648,0,nan,nan,nan,nan,nan,nan,nan,nan,nan,7648,0.0
2021-01-07,Montréal,77697,3947,64787,0,0,551021,9.43,10390,1,nan,nan,nan,nan,nan,nan,nan,nan,nan,10389,0.0
2021-01-08,Montréal,78534,3958,66005,0,0,553129,10.57,14516,1,nan,nan,nan,nan,nan,nan,nan,nan,nan,14515,0.0
2021-01-09,Montréal,80065,3967,67111,0,0,555062,10.08,18303,2,nan,nan,nan,nan,nan,nan,nan,nan,nan,18301,0.0
2021-01-10,Montréal,81136,3977,68141,0,0,556674,10.66,20342,2,nan,nan,nan,nan,nan,nan,nan,nan,nan,20340,0.0
2021-01-11,Montréal,81886,3983,68838,0,0,558325,11.93,21754,3,nan,nan,nan,nan,nan,nan,nan,nan,nan,21751,0.0
2021-01-12,Montréal,82483,3992,69509,0,0,559580,10.95,23368,4,nan,nan,nan,nan,nan,nan,nan,nan,nan,23364,0.0
2021-01-13,Montréal,83210,4001,70341,0,0,561246,8.95,24480,6,nan,nan,nan,nan,nan,nan,nan,nan,nan,24474,0.0
2021-01-14,Montréal,84021,4023,71148,0,0,562921,7.38,25796,6,nan,nan,nan,nan,nan,nan,nan,nan,nan,25790,0.0
2021-01-15,Montréal,84781,4049,72300,0,0,564858,8.3,27710,7,nan,nan,nan,nan,nan,nan,nan,nan,nan,27703,0.0
2021-01-16,Montréal,85739,4074,73268,0,0,566832,8.28,29490,8,nan,nan,nan,nan,nan,nan,nan,nan,nan,29482,0.0
2021-01-17,Montréal,86493,4084,74198,0,0,568751,8.51,30630,11,nan,nan,nan,nan,nan,nan,nan,nan,nan,30619,0.0
2021-01-18,Montréal,87139,4095,75054,0,0,570129,8.72,31573,12,nan,nan,nan,nan,nan,nan,nan,nan,nan,31561,0.0
2021-01-19,Montréal,87618,4114,75918,0,0,571541,9.47,32668,17,nan,nan,nan,nan,nan,nan,nan,nan,nan,32651,0.0
2021-01-20,Montréal,88247,4131,76688,0,0,573458,6.96,33997,18,nan,nan,nan,nan,nan,nan,nan,nan,nan,33979,0.0
2021-01-21,Montréal,88926,4151,77358,0,0,575198,7.25,35583,19,nan,nan,nan,nan,nan,nan,nan,nan,nan,35564,0.0
2021-01-22,Montréal,89607,4182,78084,0,0,577416,6.05,37551,23,nan,nan,nan,nan,nan,nan,nan,nan,nan,37528,0.0
2021-01-23,Montréal,90276,4220,78777,0,0,579138,6.52,39746,26,nan,nan,nan,nan,nan,nan,nan,nan,nan,39720,0.0
2021-01-24,Montréal,90856,4231,79549,0,0,581023,6.78,41017,30,nan,nan,nan,nan,nan,nan,nan,nan,nan,40987,0.0
2021-01-25,Montréal,91334,4248,80201,0,0,582510,8.17,41412,31,nan,nan,nan,nan,nan,nan,nan,nan,nan,41381,0.0
2021-01-26,Montréal,91813,4268,80941,0,0,584130,6.95,42042,35,nan,nan,nan,nan,nan,nan,nan,nan,nan,42007,0.0
2021-01-27,Montréal,92364,4274,81434,0,0,586234,5.83,42845,62,nan,nan,nan,nan,nan,nan,nan,nan,nan,42783,0.0
2021-01-28,Montréal,92910,4285,82040,0,0,588351,5.29,43560,72,nan,nan,nan,nan,nan,nan,nan,nan,nan,43488,0.0
2021-01-29,Montréal,93447,4298,82796,0,0,590577,5.68,44448,105,nan,nan,nan,nan,nan,nan,nan,nan,nan,44343,0.0
2021-01-30,Montréal,94024,4308,83469,0,0,592496,5.79,44675,123,nan,nan,nan,nan,nan,nan,nan,nan,nan,44552,0.0
2021-01-31,Montréal,94520,4316,84092,0,0,594551,6.93,44740,157,nan,nan,nan,nan,nan,nan,nan,nan,nan,44583,0.0
2021-02-01,Montréal,94863,4327,84669,0,0,596155,7.04,44765,173,nan,nan,nan,nan,nan,nan,nan,nan,nan,44592,0.0
2021-02-02,Montréal,95399,4333,85239,0,0,597594,6.82,44814,201,nan,nan,nan,nan,nan,nan,nan,nan,nan,44613,0.0
2021-02-03,Montréal,95893,4340,85715,0,0,599711,6.09,44948,265,nan,nan,nan,nan,nan,nan,nan,nan,nan,44683,0.0
2021-02-04,Montréal,96425,4351,86164,0,0,601731,5.83,47228,312,nan,nan,nan,nan,nan,nan,nan,nan,nan,46916,0.0
2021-02-05,Montréal,96914,4361,86874,0,0,603747,5.11,50676,335,nan,nan,nan,nan,nan,nan,nan,nan,nan,50341,0.0
2021-02-06,Montréal,97519,4365,87464,0,0,605940,6.33,54195,370,nan,nan,nan,nan,nan,nan,nan,nan,nan,53825,0.0
2021-02-07,Montréal,97995,4378,88011,0,0,607717,7.21,55715,385,nan,nan,nan,nan,nan,nan,nan,nan,nan,55330,0.0
2021-02-08,Montréal,98388,4383,88546,0,0,609177,7.2,56166,389,nan,nan,nan,nan,nan,nan,nan,nan,nan,55777,0.0
2021-02-09,Montréal,98769,4395,89070,0,0,610363,6.56,57357,417,nan,nan,nan,nan,nan,nan,nan,nan,nan,56940,0.0
2021-02-10,Montréal,99268,4406,89447,0,0,612394,4.71,57910,436,nan,nan,nan,nan,nan,nan,nan,nan,nan,57474,0.0
2021-02-11,Montréal,99771,4424,89937,0,0,614394,6.6,59100,461,nan,nan,nan,nan,nan,nan,nan,nan,nan,58639,0.0
2021-02-12,Montréal,100203,4434,90585,0,0,616522,5.02,60944,490,nan,nan,nan,nan,nan,nan,nan,nan,nan,60454,0.0
2021-02-13,Montréal,100680,4441,91126,0,0,618681,5.46,62830,514,nan,nan,nan,nan,nan,nan,nan,nan,nan,62316,0.0
2021-02-14,Montréal,101077,4443,91648,0,0,620676,5.05,62909,522,nan,nan,nan,nan,nan,nan,nan,nan,nan,62387,0.0
2021-02-15,Montréal,101393,4449,92180,0,0,622102,6.6,62967,528,nan,nan,nan,nan,nan,nan,nan,nan,nan,62439,0.0
2021-02-16,Montréal,101721,4456,92668,0,0,623525,5.73,63823,543,nan,nan,nan,nan,nan,nan,nan,nan,nan,63280,0.0
2021-02-17,Montréal,102103,4461,93079,0,0,625407,4.6,64013,569,nan,nan,nan,nan,nan,nan,nan,nan,nan,63444,0.0
2021-02-18,Montréal,102519,4459,93445,0,0,627055,4.57,64439,579,nan,nan,nan,nan,nan,nan,nan,nan,nan,63860,0.0
2021-02-19,Montréal,102872,4467,94049,0,0,629186,4.05,66907,600,nan,nan,nan,nan,nan,nan,nan,nan,nan,66307,0.0
2021-02-20,Montréal,103206,4474,94530,0,0,630908,5.25,70851,610,nan,nan,nan,nan,nan,nan,nan,nan,nan,70241,0.0
2021-02-21,Montréal,103536,4478,95013,0,0,632633,6.35,73416,615,nan,nan,nan,nan,nan,nan,nan,nan,nan,72801,0.0
2021-02-22,Montréal,103952,4483,95442,0,0,633914,7.25,75377,623,nan,nan,nan,nan,nan,nan,nan,nan,nan,74754,0.0
2021-02-23,Montréal,104312,4487,95888,0,0,635354,4.54,77596,645,nan,nan,nan,nan,nan,nan,nan,nan,nan,76951,0.0
2021-02-24,Montréal,104722,4489,96196,0,0,637512,4.63,79229,666,nan,nan,nan,nan,nan,nan,nan,nan,nan,78563,0.0
2021-02-25,Montréal,105106,4495,96543,0,0,639426,4.86,81155,680,nan,nan,nan,nan,nan,nan,nan,nan,nan,80475,0.0
2021-02-26,Montréal,105520,4499,97014,0,0,641133,5.06,84835,697,nan,nan,nan,nan,nan,nan,nan,nan,nan,84138,0.0
2021-02-27,Montréal,105872,4502,97355,0,0,643097,5.21,89525,715,nan,nan,nan,nan,nan,nan,nan,nan,nan,88810,0.0
2021-02-28,Montréal,106189,4506,97766,0,0,644551,5.35,93050,733,nan,nan,nan,nan,nan,nan,nan,nan,nan,92317,0.0
2021-03-01,Montréal,106492,4507,98170,0,0,645806,5.42,95350,738,nan,nan,nan,nan,nan,nan,nan,nan,nan,94612,0.0
2021-03-02,Montréal,106748,4510,98573,0,0,647155,4.14,106394,754,nan,nan,nan,nan,nan,nan,nan,nan,nan,105640,0.0
2021-03-03,Montréal,107086,4519,98908,0,0,649014,5.19,117353,779,nan,85.0,84.0,0.0,0.0,nan,nan,nan,nan,116574,0.0
2021-03-04,Montréal,107405,4529,99202,0,0,650589,4.61,128406,796,nan,85.0,84.0,0.0,0.0,nan,nan,nan,nan,127610,0.0
2021-03-05,Montréal,107750,4532,99640,0,0,652170,4.66,139827,810,nan,118.0,116.0,0.0,0.0,nan,nan,nan,nan,139017,0.0
2021-03-06,Montréal,108088,4536,100021,0,0,653714,4.59,150541,830,nan,118.0,116.0,0.0,0.0,nan,nan,nan,nan,149711,0.0
2021-03-07,Montréal,108417,4542,100428,0,0,655438,5.47,159621,840,nan,118.0,116.0,0.0,0.0,nan,nan,nan,nan,158781,0.0
2021-03-08,Montréal,108693,4546,100770,0,0,656574,5.57,168391,844,nan,172.0,170.0,0.0,0.0,nan,nan,nan,nan,167547,0.0
2021-03-09,Montréal,108984,4550,101156,0,0,657889,5.21,178446,1178,nan,172.0,170.0,0.0,0.0,nan,nan,nan,nan,177268,0.0
2021-03-10,Montréal,109352,4553,101392,0,0,659661,4.38,189136,1656,nan,193.0,190.0,0.0,1.0,nan,nan,nan,nan,187480,0.0
2021-03-11,Montréal,109693,4558,101642,0,0,661431,4.41,198235,2090,nan,195.0,192.0,0.0,1.0,nan,nan,nan,nan,196145,0.0
2021-03-12,Montréal,110053,4558,102028,0,0,663373,5.03,208103,2288,nan,197.0,193.0,1.0,1.0,nan,nan,nan,nan,205815,0.0
2021-03-13,Montréal,110407,4561,102363,0,0,665151,4.9,219036,2448,nan,197.0,193.0,1.0,1.0,nan,nan,nan,nan,216587,1.0
2021-03-14,Montréal,110703,4564,102731,0,0,666645,4.48,228688,2458,nan,197.0,193.0,1.0,1.0,nan,nan,nan,nan,226229,1.0
2021-03-15,Montréal,110950,4570,103068,0,0,667983,5.49,238260,2466,nan,197.0,193.0,1.0,1.0,nan,nan,nan,nan,235793,1.0
2021-03-16,Montréal,111195,4576,103411,0,0,669716,4.08,248128,2481,nan,315.0,311.0,1.0,1.0,nan,nan,nan,nan,245646,1.0
2021-03-17,Montréal,111511,4581,103669,0,0,672397,4.55,257827,2498,nan,327.0,323.0,1.0,1.0,nan,nan,nan,nan,255328,1.0
2021-03-18,Montréal,111829,4584,103945,0,0,674587,4.41,265193,2515,nan,327.0,323.0,1.0,1.0,nan,nan,nan,nan,262677,1.0
2021-03-19,Montréal,112146,4589,104288,0,0,676751,4.0,272079,2547,nan,327.0,323.0,1.0,1.0,nan,nan,nan,nan,269531,1.0
2021-03-20,Montréal,112443,4589,104642,0,0,679127,3.24,278659,2558,nan,328.0,324.0,1.0,1.0,nan,nan,nan,nan,276100,1.0
2021-03-21,Montréal,112707,4591,104952,0,0,680861,4.07,283195,2561,nan,328.0,324.0,1.0,1.0,nan,nan,nan,nan,280633,1.0
2021-03-22,Montréal,113027,4597,105296,0,0,682256,4.51,287300,2570,nan,328.0,324.0,1.0,1.0,nan,nan,nan,nan,284729,1.0
2021-03-23,Montréal,113267,4598,105551,0,0,684860,4.72,298823,2593,nan,463.0,459.0,1.0,1.0,nan,nan,nan,nan,296229,1.0
2021-03-24,Montréal,113574,4603,105787,0,0,687319,3.78,313164,2614,nan,464.0,460.0,1.0,1.0,nan,nan,nan,nan,310549,1.0
2021-03-25,Montréal,113925,4606,106049,0,0,689885,3.85,328111,2637,nan,464.0,460.0,1.0,1.0,nan,nan,nan,nan,325473,1.0
2021-03-26,Montréal,114238,4608,106372,0,0,691628,4.06,342213,2671,nan,464.0,460.0,1.0,1.0,0.0,1905.0,nan,nan,339541,1.0
2021-03-27,Montréal,114605,4611,106707,0,0,693508,4.13,355195,2688,nan,465.0,461.0,1.0,1.0,2.0,2079.0,nan,nan,352506,1.0
2021-03-28,Montréal,114885,4612,107050,0,0,695179,5.24,365224,2709,nan,2686.0,461.0,1.0,1.0,2.0,2221.0,nan,nan,362514,1.0
2021-03-29,Montréal,115154,4614,107361,0,0,696813,4.99,374130,2717,nan,2746.0,461.0,1.0,1.0,2.0,2281.0,nan,nan,371412,1.0
2021-03-30,Montréal,115459,4617,107634,0,0,698604,4.81,385148,2740,nan,2874.0,727.0,6.0,1.0,5.0,2135.0,nan,nan,382407,1.0
2021-03-31,Montréal,115807,4618,107901,0,0,701060,4.46,396509,2789,nan,3008.0,727.0,6.0,1.0,5.0,2269.0,nan,nan,393719,1.0
2021-04-01,Montréal,116200,4623,108189,0,0,703175,4.1,407357,2831,nan,3188.0,731.0,6.0,1.0,5.0,2445.0,nan,nan,404525,1.0
2021-04-02,Montréal,116588,4625,108561,0,0,705469,3.91,416569,2850,nan,3394.0,731.0,6.0,1.0,5.0,2651.0,nan,nan,413718,1.0
2021-04-03,Montréal,116949,4628,108906,0,0,707463,4.33,423746,2874,nan,3513.0,981.0,7.0,1.0,5.0,2519.0,nan,nan,420871,1.0
2021-04-04,Montréal,117251,4629,109235,0,0,709294,5.41,429124,2891,nan,3695.0,981.0,7.0,1.0,5.0,2701.0,nan,nan,426232,1.0
2021-04-05,Montréal,117599,4630,109553,0,0,710998,5.22,432579,2903,nan,3848.0,981.0,7.0,1.0,5.0,2854.0,nan,nan,429675,1.0
2021-04-06,Montréal,117899,4634,109861,0,0,712692,4.55,436498,2923,nan,3987.0,981.0,7.0,1.0,5.0,2993.0,nan,nan,433574,1.0
2021-04-07,Montréal,118198,4634,110174,0,0,715022,4.32,440750,2990,nan,4107.0,981.0,7.0,1.0,5.0,3113.0,nan,nan,437759,1.0
2021-04-08,Montréal,118568,4639,110443,0,0,717872,3.57,446950,3067,nan,4278.0,983.0,7.0,1.0,5.0,3282.0,nan,nan,443882,1.0
2021-04-09,Montréal,118960,4639,110870,0,0,720867,4.35,457760,3131,nan,4483.0,983.0,7.0,1.0,5.0,3487.0,nan,nan,454628,1.0
2021-04-10,Montréal,119388,4642,111259,0,0,723259,4.8,469517,3228,nan,4636.0,983.0,7.0,1.0,5.0,3640.0,nan,nan,466288,1.0
2021-04-11,Montréal,119718,4644,111658,0,0,725261,4.9,476549,3256,nan,5024.0,983.0,7.0,1.0,5.0,4028.0,nan,nan,473292,1.0
2021-04-12,Montréal,120076,4646,111992,0,0,726867,5.35,482803,3274,nan,5159.0,988.0,8.0,3.0,5.0,4155.0,nan,nan,479528,1.0
2021-04-13,Montréal,120376,4647,112317,0,0,728708,4.43,493301,3435,nan,5282.0,988.0,8.0,3.0,5.0,4278.0,nan,nan,489865,1.0
2021-04-14,Montréal,120689,4647,112581,0,0,731306,3.64,505278,3875,nan,5410.0,988.0,8.0,3.0,5.0,4406.0,nan,nan,501402,1.0
2021-04-15,Montréal,121079,4650,112819,0,0,733767,3.62,516967,4335,nan,5688.0,1426.0,10.0,4.0,5.0,4243.0,nan,nan,512631,1.0
2021-04-16,Montréal,121434,4651,113190,0,0,736477,3.9,528328,4695,nan,5809.0,1596.0,10.0,5.0,5.0,4193.0,nan,nan,523631,2.0
2021-04-17,Montréal,121809,4651,113586,0,0,738757,4.01,539952,4920,nan,6043.0,1596.0,10.0,5.0,5.0,4427.0,nan,nan,535030,2.0
2021-04-18,Montréal,122145,4653,113969,0,0,740995,4.16,548500,5084,nan,6314.0,1596.0,10.0,5.0,5.0,4698.0,nan,nan,543414,2.0
2021-04-19,Montréal,122432,4655,114390,0,0,742727,3.62,554974,5217,nan,6453.0,1596.0,10.0,5.0,5.0,4837.0,nan,nan,549755,2.0
2021-04-20,Montréal,122656,4661,114748,0,0,744739,3.47,564323,5814,nan,6647.0,1596.0,10.0,5.0,5.0,5031.0,nan,nan,558506,3.0
2021-04-21,Montréal,122902,4663,115052,0,0,747128,3.23,575207,7273,nan,6826.0,1868.0,12.0,6.0,6.0,4934.0,nan,nan,567930,4.0
2021-04-22,Montréal,123209,4664,115329,0,0,749734,2.59,591862,8821,nan,6978.0,1930.0,15.0,8.0,7.0,5018.0,nan,nan,583037,4.0
2021-04-23,Montréal,123467,4667,115725,0,0,752225,3.05,605894,9919,nan,7157.0,1949.0,22.0,14.0,9.0,5163.0,nan,nan,595969,6.0
2021-04-24,Montréal,123758,4668,116040,0,0,754362,3.3,618206,10681,nan,7441.0,1949.0,22.0,14.0,9.0,5447.0,nan,nan,607519,6.0
2021-04-25,Montréal,124014,4671,116420,0,0,756222,3.29,625485,10994,nan,7558.0,1949.0,22.0,14.0,9.0,5564.0,nan,nan,614485,6.0
2021-04-26,Montréal,124237,4674,116762,0,0,757864,3.95,630563,11062,nan,7717.0,1949.0,22.0,14.0,9.0,5723.0,nan,nan,619495,6.0
2021-04-27,Montréal,124432,4676,117059,0,0,759786,3.23,638719,12191,nan,7804.0,1949.0,22.0,14.0,9.0,5810.0,nan,nan,626521,7.0
2021-04-28,Montréal,124726,4676,117321,0,0,761923,3.32,647014,14326,nan,7978.0,1954.0,22.0,14.0,11.0,5977.0,nan,nan,632679,9.0
2021-04-29,Montréal,124999,4676,117538,0,0,764251,3.18,656742,16972,nan,8184.0,1954.0,22.0,14.0,11.0,6183.0,nan,nan,639761,9.0
2021-04-30,Montréal,125296,4679,117858,0,0,766563,2.96,667026,19904,nan,8374.0,2092.0,22.0,15.0,11.0,6234.0,nan,nan,647113,9.0
2021-05-01,Montréal,125604,4680,118152,0,0,768888,3.35,677726,23168,nan,8618.0,2092.0,22.0,15.0,11.0,6478.0,nan,nan,654545,13.0
2021-05-02,Montréal,125881,4681,118449,0,0,770829,3.29,685612,24758,nan,8784.0,2092.0,22.0,15.0,11.0,6644.0,nan,nan,660839,15.0
2021-05-03,Montréal,126087,4681,118721,0,0,772168,4.29,693559,26233,nan,8883.0,2220.0,28.0,18.0,12.0,6605.0,nan,nan,667310,16.0
2021-05-04,Montréal,126277,4684,118955,0,0,774147,2.76,704114,28713,nan,9044.0,2220.0,28.0,18.0,12.0,6766.0,nan,nan,675384,17.0
2021-05-05,Montréal,126532,4687,119170,0,0,776575,2.43,718281,30829,nan,9206.0,2222.0,31.0,18.0,12.0,6923.0,nan,nan,687434,18.0
2021-05-06,Montréal,126744,4687,119391,0,0,778646,2.4,733956,33003,nan,9381.0,2222.0,31.0,18.0,12.0,7098.0,nan,nan,700933,20.0
2021-05-07,Montréal,126938,4687,119697,0,0,780695,2.58,752811,35029,nan,9625.0,2375.0,41.0,19.0,12.0,7178.0,nan,nan,717761,21.0
2021-05-08,Montréal,127142,4688,119983,0,0,782630,3.47,769607,37202,nan,9790.0,2375.0,41.0,19.0,12.0,7343.0,nan,nan,732383,22.0
2021-05-09,Montréal,127424,4690,120283,0,0,784388,2.66,785047,37898,nan,9972.0,2375.0,41.0,19.0,12.0,7525.0,nan,nan,747127,22.0
2021-05-10,Montréal,127613,4691,120555,0,0,785672,3.39,799180,38421,nan,10100.0,2375.0,41.0,19.0,12.0,7653.0,nan,nan,760737,22.0
2021-05-11,Montréal,127781,4696,120785,0,0,787431,2.76,817078,39959,nan,10183.0,2612.0,67.0,53.0,22.0,7429.0,nan,nan,777096,23.0
2021-05-12,Montréal,127986,4697,120999,0,0,789506,2.36,835172,41784,nan,10406.0,2614.0,67.0,53.0,23.0,7649.0,nan,nan,793365,23.0
2021-05-13,Montréal,128188,4698,121161,0,0,791562,2.58,856367,44044,nan,10636.0,2723.0,71.0,60.0,32.0,7750.0,nan,nan,812300,23.0
2021-05-14,Montréal,128426,4700,121404,0,0,793610,2.98,879133,46748,nan,10860.0,2786.0,81.0,88.0,37.0,7868.0,nan,nan,832362,23.0
2021-05-15,Montréal,128661,4703,121627,0,0,795321,3.07,901694,49479,nan,10860.0,2786.0,81.0,88.0,37.0,7868.0,nan,nan,852186,29.0
2021-05-16,Montréal,128882,4703,121855,0,0,796800,3.0,920743,50378,nan,10860.0,2786.0,81.0,88.0,37.0,7868.0,nan,nan,870336,29.0
2021-05-17,Montréal,129071,4709,122078,0,0,798111,3.24,937932,50760,nan,11321.0,2827.0,81.0,88.0,37.0,8288.0,nan,nan,887143,29.0
2021-05-18,Montréal,129244,4714,122287,0,0,799813,2.7,958241,53379,nan,11379.0,3024.0,91.0,97.0,42.0,8125.0,nan,nan,904832,30.0
2021-05-19,Montréal,129406,4716,122465,0,0,801626,2.47,977132,55840,nan,11629.0,3024.0,91.0,97.0,42.0,8375.0,nan,nan,921261,31.0
2021-05-20,Montréal,129599,4718,122602,0,0,803407,2.84,997270,58700,nan,11912.0,3028.0,96.0,107.0,45.0,8636.0,nan,nan,938539,31.0
2021-05-21,Montréal,129866,4723,122823,0,0,804887,2.58,1018026,61264,nan,12206.0,3028.0,96.0,107.0,45.0,8930.0,nan,nan,956731,31.0
2021-05-22,Montréal,130025,4726,123049,0,0,806254,2.87,1037144,64160,nan,12206.0,3028.0,96.0,107.0,45.0,8930.0,nan,nan,972953,31.0
2021-05-23,Montréal,130192,4727,123273,0,0,807462,3.15,1055085,64966,nan,12206.0,3028.0,96.0,107.0,45.0,8930.0,nan,nan,990088,31.0
2021-05-24,Montréal,130352,4731,123514,0,0,808584,2.75,1071569,65667,nan,12206.0,3028.0,96.0,107.0,45.0,8930.0,nan,nan,1005871,31.0
2021-05-25,Montréal,130466,4733,123721,0,0,809574,2.89,1087295,67596,nan,12815.0,3096.0,97.0,135.0,53.0,9434.0,nan,nan,1019667,32.0
2021-05-26,Montréal,130562,4733,123871,0,0,811113,2.2,1105081,70496,nan,12900.0,3147.0,104.0,155.0,53.0,9441.0,nan,nan,1034550,35.0
2021-05-27,Montréal,130720,4737,124060,0,0,812526,2.16,1125560,74564,nan,13094.0,3163.0,107.0,177.0,53.0,9594.0,nan,nan,1050958,38.0
2021-05-28,Montréal,130851,4737,124257,0,0,813976,2.21,1147100,78749,nan,13165.0,3163.0,107.0,177.0,53.0,9665.0,nan,nan,1068310,41.0
2021-05-29,Montréal,130989,4739,124487,0,0,815055,2.1,1168177,82678,nan,13165.0,3163.0,107.0,177.0,53.0,9665.0,nan,nan,1085458,41.0
2021-05-30,Montréal,131094,4740,124721,0,0,816286,1.81,1190954,88056,nan,13165.0,3163.0,107.0,177.0,53.0,9665.0,nan,nan,1102857,41.0
2021-05-31,Montréal,131173,4741,124883,0,0,817316,1.59,1209654,91147,nan,13448.0,3163.0,107.0,177.0,53.0,9986.0,15.0,nan,1118465,42.0
2021-06-01,Montréal,131208,4741,125057,0,0,818616,1.36,1230464,95341,nan,13510.0,3163.0,107.0,177.0,53.0,10048.0,15.0,nan,1135077,46.0
2021-06-02,Montréal,131307,4742,125199,0,0,820173,1.63,1249400,98955,nan,13599.0,3219.0,107.0,181.0,53.0,10076.0,16.0,nan,1150391,54.0
2021-06-03,Montréal,131407,4744,125332,0,0,821509,1.44,1270224,103173,nan,13705.0,3219.0,107.0,181.0,53.0,10182.0,16.0,nan,1166994,57.0
2021-06-04,Montréal,131496,4747,125482,0,0,822851,1.3,1291108,108065,nan,13781.0,3219.0,107.0,181.0,53.0,10258.0,16.0,nan,1182983,60.0
2021-06-05,Montréal,131562,4748,125638,0,0,823869,1.68,1312150,113007,nan,13781.0,3219.0,107.0,181.0,53.0,10258.0,16.0,nan,1199080,63.0
2021-06-06,Montréal,131619,4748,125783,0,0,824929,1.41,1332286,116794,nan,13781.0,3219.0,107.0,181.0,53.0,10258.0,16.0,nan,1215425,67.0
2021-06-07,Montréal,131685,4749,125941,0,0,825846,1.59,1348654,120631,nan,13902.0,3219.0,107.0,181.0,53.0,10379.0,16.0,nan,1227955,68.0
2021-06-08,Montréal,131734,4751,126054,0,0,826996,0.99,1365528,126984,nan,13967.0,3219.0,107.0,181.0,53.0,10444.0,16.0,nan,1238475,69.0
2021-06-09,Montréal,131795,4752,126139,0,0,828288,0.96,1385417,137555,nan,13994.0,3226.0,123.0,207.0,53.0,10418.0,20.0,nan,1247790,72.0
2021-06-10,Montréal,131847,4753,126216,0,0,829382,0.78,1410952,154780,nan,14060.0,3226.0,123.0,207.0,53.0,10484.0,20.0,nan,1256096,76.0
2021-06-11,Montréal,131913,4754,126338,0,0,830434,1.29,1437919,173132,nan,14096.0,3226.0,123.0,207.0,53.0,10520.0,20.0,nan,1264709,78.0
2021-06-12,Montréal,131973,4754,126445,0,0,831302,1.29,1467816,193744,nan,14096.0,3226.0,123.0,207.0,53.0,10520.0,20.0,nan,1273985,87.0
2021-06-13,Montréal,132035,4755,126545,0,0,832277,1.4,1490255,208066,nan,14096.0,3226.0,123.0,207.0,53.0,10520.0,20.0,nan,1282098,91.0
2021-06-14,Montréal,132083,4756,126624,0,0,833161,1.17,1511434,223025,nan,14219.0,3226.0,123.0,207.0,53.0,10643.0,20.0,nan,1288308,101.0
2021-06-15,Montréal,132109,4757,126702,0,0,834315,0.79,1538552,243076,nan,14267.0,3226.0,123.0,209.0,53.0,10688.0,21.0,nan,1295366,110.0
2021-06-16,Montréal,132155,4757,126757,0,0,835638,0.73,1563151,262395,nan,14288.0,3226.0,123.0,209.0,53.0,10709.0,21.0,nan,1300639,117.0
2021-06-17,Montréal,132210,4757,126832,0,0,836902,0.82,1589208,284524,nan,14330.0,3226.0,123.0,209.0,53.0,10751.0,21.0,nan,1304559,124.0
2021-06-18,Montréal,132246,4757,126909,0,0,838117,1.16,1614240,305003,nan,14351.0,3231.0,124.0,213.0,53.0,10762.0,21.0,nan,1309105,131.0
2021-06-19,Montréal,132319,4759,126973,0,0,839096,1.28,1638797,324622,nan,14351.0,3231.0,124.0,213.0,53.0,10762.0,21.0,nan,1314036,138.0
2021-06-20,Montréal,132356,4761,127040,0,0,840195,0.64,1654460,336829,nan,14351.0,3231.0,124.0,213.0,53.0,10762.0,21.0,nan,1317490,140.0
2021-06-21,Montréal,132392,4761,127105,0,0,841200,0.82,1666532,346039,nan,14436.0,3232.0,125.0,214.0,53.0,10844.0,21.0,nan,1320351,140.0
2021-06-22,Montréal,132417,4763,127159,0,0,842376,0.57,1686649,363285,nan,14457.0,3232.0,125.0,214.0,53.0,10865.0,21.0,nan,1323214,148.0
2021-06-23,Montréal,132461,4764,127226,0,0,843727,0.68,1707061,381297,nan,14479.0,3232.0,125.0,214.0,53.0,10887.0,21.0,nan,1325601,161.0
2021-06-24,Montréal,132490,4764,127253,0,0,844777,0.49,1731706,403232,nan,14479.0,3232.0,125.0,214.0,53.0,10887.0,21.0,nan,1328300,172.0
2021-06-25,Montréal,132490,4764,127253,0,0,845868,0.66,1748578,418293,nan,14479.0,3232.0,125.0,214.0,53.0,10887.0,21.0,nan,1330108,175.0
2021-06-26,Montréal,132520,4764,127317,0,0,846829,0.77,1772370,439268,nan,14512.0,3272.0,129.0,215.0,53.0,10875.0,21.0,nan,1332918,182.0
2021-06-27,Montréal,132586,4764,127411,0,0,847822,0.8,1791628,455876,nan,14512.0,3272.0,129.0,215.0,53.0,10875.0,21.0,nan,1335561,189.0
2021-06-28,Montréal,132617,4764,127463,0,0,848837,0.46,1808652,470898,nan,14559.0,3278.0,130.0,220.0,53.0,10915.0,16.0,nan,1337558,194.0
2021-06-29,Montréal,132646,4766,127509,0,0,850113,0.66,1831941,492091,nan,14559.0,3278.0,130.0,221.0,53.0,10914.0,16.0,nan,1339644,204.0
2021-06-30,Montréal,132702,4768,127560,0,0,851316,0.76,1857921,515682,nan,14606.0,3286.0,131.0,223.0,53.0,10926.0,40.0,nan,1342019,218.0
2021-07-01,Montréal,132748,4767,127590,0,0,852364,0.61,1883350,538863,nan,0.0,3286.0,131.0,223.0,53.0,-3680.0,40.0,nan,1344250,235.0
2021-07-02,Montréal,132776,4767,127636,0,0,853404,0.6,1902875,556733,nan,0.0,3296.0,133.0,224.0,53.0,-3693.0,40.0,nan,1345897,243.0
2021-07-03,Montréal,132800,4768,127668,0,0,854420,0.5,1926735,578308,nan,0.0,3296.0,133.0,224.0,53.0,-3693.0,40.0,nan,1348175,250.0
2021-07-04,Montréal,132826,4768,127701,0,0,855340,0.55,1945486,595099,nan,0.0,3296.0,133.0,224.0,53.0,-3693.0,40.0,nan,1350127,258.0
2021-07-05,Montréal,132843,4768,127728,0,0,856148,0.48,1962526,610415,nan,0.0,3296.0,133.0,224.0,53.0,-3693.0,40.0,nan,1351828,280.0
2021-07-06,Montréal,132857,4768,127768,0,0,857263,0.82,1985368,631151,nan,0.0,3296.0,133.0,224.0,53.0,-3693.0,40.0,nan,1353922,292.0
2021-07-07,Montréal,132892,4768,127799,0,0,858460,0.66,2009532,653274,nan,0.0,3299.0,135.0,226.0,53.0,-3720.0,60.0,nan,1355947,308.0
2021-07-08,Montréal,132917,4768,127829,0,0,859903,0.55,2034906,676400,nan,0.0,3309.0,135.0,229.0,53.0,-3753.0,80.0,nan,1358167,336.0
2021-07-09,Montréal,133108,4768,128004,0,0,861312,0.4,2059014,698537,nan,0.0,3309.0,135.0,229.0,53.0,-3753.0,80.0,nan,1360118,356.0
2021-07-10,Montréal,133134,4768,128054,0,0,862676,0.47,2086183,723425,nan,0.0,3309.0,135.0,229.0,53.0,-3753.0,80.0,nan,1362382,373.0
2021-07-11,Montréal,133156,4769,128078,0,0,863787,0.48,2106936,742095,nan,0.0,3309.0,135.0,229.0,53.0,-3753.0,80.0,nan,1364458,380.0
2021-07-12,Montréal,133181,4769,128121,0,0,864933,0.72,2123998,757412,nan,0.0,3319.0,137.0,248.0,53.0,-3795.0,91.0,nan,1366195,388.0
2021-07-13,Montréal,133200,4769,128151,0,0,866244,0.6,2146687,777978,nan,0.0,3319.0,137.0,248.0,53.0,-3795.0,91.0,nan,1368306,400.0
2021-07-14,Montréal,133232,4769,128174,0,0,867686,0.73,2169098,798350,nan,0.0,3319.0,137.0,248.0,53.0,-3799.0,95.0,nan,1370327,418.0
2021-07-15,Montréal,133260,4770,128189,0,0,868966,0.95,2192380,819632,nan,0.0,3324.0,137.0,250.0,53.0,-3818.0,107.0,nan,1372307,438.0
2021-07-16,Montréal,133295,4771,128224,0,0,870361,0.69,2214101,839331,nan,0.0,3324.0,137.0,250.0,53.0,-3818.0,107.0,nan,1374316,451.0
2021-07-17,Montréal,133333,4772,128249,0,0,871657,0.78,2237265,860179,nan,0.0,3324.0,137.0,250.0,53.0,-3818.0,107.0,nan,1376612,471.0
2021-07-18,Montréal,133358,4772,128288,0,0,872761,0.89,2255213,876308,nan,0.0,3324.0,137.0,250.0,53.0,-3818.0,107.0,nan,1378419,482.0
2021-07-19,Montréal,133289,4772,128309,0,0,873665,0.79,2270092,889736,nan,0.0,3324.0,137.0,250.0,53.0,-3818.0,107.0,nan,1379861,491.0
2021-07-20,Montréal,133331,4772,128309,0,0,875029,0.87,2289635,907475,nan,0.0,3324.0,137.0,250.0,53.0,-3818.0,107.0,nan,1381647,509.0
2021-07-21,Montréal,133277,4772,128146,0,0,876389,0.87,2310296,926396,nan,0.0,3332.0,136.0,252.0,53.0,-3835.0,115.0,nan,1383376,520.0
2021-07-22,Montréal,133277,4773,128146,0,0,877816,0.93,2331697,945760,nan,0.0,3332.0,136.0,252.0,53.0,-3835.0,115.0,nan,1385396,537.0
2021-07-23,Montréal,133322,4773,128175,0,0,879357,1.06,2350393,962405,nan,0.0,3332.0,136.0,252.0,53.0,-3837.0,117.0,nan,1387424,560.0
2021-07-24,Montréal,133372,4773,128201,0,0,880719,0.92,2371508,981430,nan,0.0,3332.0,136.0,252.0,53.0,-3837.0,117.0,nan,1389497,577.0
2021-07-25,Montréal,133416,4773,128243,0,0,881925,1.05,2388162,996432,nan,0.0,3332.0,136.0,252.0,53.0,-3837.0,117.0,nan,1391127,599.0
2021-07-26,Montréal,133454,4773,128280,0,0,882924,0.9,2401664,1008403,nan,0.0,3335.0,136.0,252.0,53.0,-3840.0,117.0,nan,1392602,654.0
2021-07-27,Montréal,133485,4773,128315,0,0,884079,0.88,2417874,1022858,nan,0.0,3335.0,136.0,252.0,53.0,-3840.0,117.0,nan,1394271,740.0
2021-07-28,Montréal,133530,4773,128351,0,0,885307,0.97,2434766,1037637,nan,0.0,3338.0,136.0,254.0,53.0,-3859.0,131.0,nan,1396277,847.0
2021-07-29,Montréal,133576,4773,128387,0,0,886620,0.92,2450566,1051427,nan,0.0,3338.0,136.0,254.0,53.0,-3859.0,131.0,nan,1398204,929.0
2021-07-30,Montréal,133620,4773,128428,0,0,887911,1.08,2464197,1063381,nan,0.0,3343.0,137.0,255.0,53.0,-3894.0,159.0,nan,1399803,1007.0
2021-07-31,Montréal,133694,4773,128480,0,0,889365,1.79,2482561,1079650,nan,0.0,3343.0,137.0,255.0,53.0,-3894.0,159.0,nan,1401811,1094.0
2021-08-01,Montréal,133765,4773,128537,0,0,890545,1.35,2497751,1093053,nan,0.0,3343.0,137.0,255.0,53.0,-3894.0,159.0,nan,1403534,1158.0
2021-08-02,Montréal,133813,4773,128593,0,0,891792,1.14,2507617,1101537,nan,0.0,3343.0,137.0,255.0,53.0,-3895.0,160.0,nan,1404853,1220.0
2021-08-03,Montréal,133862,4773,128640,0,0,893129,1.0,2519594,1111773,nan,0.0,3343.0,137.0,255.0,53.0,-3895.0,160.0,nan,1406523,1291.0
2021-08-04,Montréal,133901,4773,128681,0,0,894901,1.04,2529869,1120332,nan,0.0,3347.0,137.0,255.0,53.0,-3915.0,176.0,nan,1408171,1357.0
2021-08-05,Montréal,134043,4773,128721,0,0,896910,1.75,2540155,1128995,nan,0.0,3347.0,137.0,255.0,53.0,-3915.0,176.0,nan,1409687,1464.0
2021-08-06,Montréal,134093,4774,128758,0,0,898921,1.69,2550340,1137186,nan,0.0,3350.0,137.0,255.0,53.0,-3934.0,192.0,nan,1411585,1559.0
2021-08-07,Montréal,134168,4774,128787,0,0,900789,1.43,2563801,1148025,nan,0.0,3350.0,137.0,255.0,53.0,-3934.0,192.0,nan,1414067,1697.0
2021-08-08,Montréal,134266,4774,128836,0,0,902536,1.76,2574394,1156643,nan,0.0,3350.0,137.0,255.0,53.0,-3934.0,192.0,nan,1415961,1777.0
2021-08-09,Montréal,134344,4774,128905,0,0,903917,1.54,2580585,1161549,nan,0.0,3350.0,137.0,255.0,53.0,-3934.0,192.0,nan,1417196,1825.0
2021-08-10,Montréal,134402,4774,128984,0,0,905646,1.44,2590369,1169391,nan,0.0,3352.0,138.0,256.0,53.0,-3957.0,211.0,nan,1419041,1922.0
2021-08-11,Montréal,134540,4774,129036,0,0,907492,1.53,2599380,1176242,nan,0.0,3352.0,138.0,256.0,53.0,-3957.0,211.0,nan,1421091,2029.0
2021-08-12,Montréal,134649,4774,129086,0,0,909275,2.34,2608217,1182638,nan,0.0,3352.0,138.0,256.0,53.0,-3957.0,211.0,nan,1423444,2115.0
2021-08-13,Montréal,134802,4774,129161,0,0,911010,2.35,2617704,1189505,nan,0.0,3351.0,137.0,258.0,53.0,-3988.0,242.0,nan,1425948,2230.0
2021-08-14,Montréal,134956,4774,129241,0,0,913012,2.27,2629663,1198980,nan,0.0,3351.0,137.0,258.0,53.0,-3988.0,242.0,nan,1428292,2369.0
2021-08-15,Montréal,135249,4774,129444,0,0,914624,2.88,2640440,1207667,nan,0.0,3351.0,137.0,258.0,53.0,-3988.0,242.0,nan,1430300,2451.0
2021-08-16,Montréal,135249,4774,129444,0,0,916151,2.61,2649209,1214579,nan,0.0,3351.0,137.0,258.0,53.0,-3988.0,242.0,nan,1432096,2511.0
2021-08-17,Montréal,135374,4774,129528,0,0,917668,2.55,2659578,1222781,nan,0.0,3353.0,137.0,258.0,53.0,-4113.0,365.0,nan,1434156,2614.0
2021-08-18,Montréal,135531,4774,129611,0,0,919362,2.65,2669097,1230132,nan,0.0,3358.0,137.0,271.0,53.0,-4151.0,385.0,nan,1436224,2712.0
2021-08-19,Montréal,135681,4774,129675,0,0,920990,2.95,2678348,1237283,nan,0.0,3358.0,137.0,271.0,53.0,-4151.0,385.0,nan,1438239,2795.0
2021-08-20,Montréal,135876,4774,129772,0,0,922691,2.99,2686954,1243766,nan,0.0,3358.0,138.0,276.0,53.0,-4178.0,406.0,nan,1440277,2875.0
2021-08-21,Montréal,136072,4774,129866,0,0,924059,3.7,2698163,1252531,nan,0.0,3358.0,138.0,276.0,53.0,-4178.0,406.0,nan,1442588,3005.0
2021-08-22,Montréal,136250,4774,130010,0,0,925385,3.09,2707330,1259913,nan,0.0,3358.0,138.0,276.0,53.0,-4178.0,406.0,nan,1444291,3085.0
2021-08-23,Montréal,136408,4774,130159,0,0,926423,3.09,2713996,1265296,nan,0.0,3358.0,138.0,276.0,53.0,-4178.0,406.0,nan,1445506,3150.0
2021-08-24,Montréal,136540,4774,130322,0,0,927727,2.44,2722312,1271639,nan,0.0,3355.0,138.0,278.0,53.0,-4214.0,443.0,nan,1447378,3242.0
2021-08-25,Montréal,136733,4775,130456,0,0,929384,3.2,2729368,1276795,nan,0.0,3355.0,138.0,278.0,53.0,-4214.0,443.0,nan,1449162,3345.0
2021-08-26,Montréal,136960,4775,130564,0,0,931088,3.44,2736511,1281695,nan,0.0,3355.0,138.0,279.0,53.0,-4277.0,505.0,nan,1451261,3476.0
2021-08-27,Montréal,137163,4775,130741,0,0,932830,3.29,2743972,1286565,nan,0.0,3355.0,138.0,279.0,53.0,-4277.0,505.0,nan,1453709,3616.0
2021-08-28,Montréal,137403,4775,130910,0,0,934593,2.98,2753021,1292826,nan,0.0,3355.0,138.0,279.0,53.0,-4277.0,505.0,nan,1456333,3776.0
2021-08-29,Montréal,137604,4775,131112,0,0,935941,2.98,2760928,1298615,nan,0.0,3355.0,138.0,279.0,53.0,-4277.0,505.0,nan,1458280,3940.0
2021-08-30,Montréal,137734,4775,131296,0,0,937394,2.57,2765647,1301991,nan,0.0,3355.0,138.0,279.0,53.0,-4277.0,505.0,nan,1459521,4036.0
2021-08-31,Montréal,137866,4775,131458,0,0,938918,2.91,2772477,1306755,nan,0.0,3355.0,138.0,279.0,53.0,-4277.0,505.0,nan,1461426,4192.0
2021-09-01,Montréal,138108,4775,131589,0,0,940674,3.79,2779508,1311256,nan,0.0,3358.0,138.0,280.0,53.0,-4343.0,567.0,nan,1463714,4427.0
2021-09-02,Montréal,138340,4775,131720,0,0,942188,4.54,2786349,1315330,nan,0.0,3358.0,138.0,280.0,53.0,-4343.0,567.0,nan,1466209,4691.0
2021-09-03,Montréal,138602,4776,131905,0,0,943909,3.74,2793280,1319562,nan,0.0,3359.0,138.0,280.0,53.0,-4562.0,785.0,nan,1468561,5034.0
2021-09-04,Montréal,138795,4776,132146,0,0,945495,3.66,2801392,1324671,nan,0.0,3359.0,138.0,280.0,53.0,-4562.0,785.0,nan,1471167,5407.0
2021-09-05,Montréal,139130,4776,132369,0,0,946799,3.88,2808377,1329227,nan,0.0,3359.0,138.0,280.0,53.0,-4562.0,785.0,nan,1473291,5700.0
2021-09-06,Montréal,139304,4776,132570,0,0,948056,3.68,2813496,1332471,nan,0.0,3359.0,138.0,280.0,53.0,-4562.0,785.0,nan,1474918,5940.0
2021-09-07,Montréal,139486,4776,132762,0,0,949491,3.35,2818013,1335257,nan,0.0,3359.0,138.0,280.0,53.0,-4650.0,873.0,nan,1476442,6138.0
2021-09-08,Montréal,139658,4776,132902,0,0,950970,3.41,2824467,1339081,nan,17340.0,13812.0,126.0,281.0,53.0,48690.0,3121.0,nan,1478579,6619.0
2021-09-09,Montréal,139887,4776,133049,0,0,952552,3.27,2830932,1342753,nan,17772.0,13816.0,126.0,283.0,53.0,48488.0,3547.0,nan,1480893,7078.0
2021-09-10,Montréal,140137,4778,133293,0,0,954588,3.71,2836890,1346272,nan,17772.0,13816.0,126.0,283.0,53.0,48488.0,3547.0,nan,1482987,7411.0
2021-09-11,Montréal,140465,4780,133539,0,0,956306,4.05,2843849,1350568,nan,17772.0,13816.0,126.0,283.0,53.0,48488.0,3547.0,nan,1485171,7881.0
2021-09-12,Montréal,140703,4780,133769,0,0,957956,3.77,2849119,1353933,nan,17772.0,13816.0,126.0,283.0,53.0,48488.0,3547.0,nan,1486784,8165.0
2021-09-13,Montréal,140935,4780,134033,0,0,959277,3.85,2852950,1356379,nan,18071.0,13809.0,126.0,284.0,53.0,49176.0,3852.0,nan,1488004,8326.0
2021-09-14,Montréal,141156,4781,134252,0,0,961001,3.51,2858335,1359439,nan,18169.0,13810.0,126.0,284.0,53.0,49346.0,3949.0,nan,1489922,8726.0
2021-09-15,Montréal,141448,4782,134428,0,0,962915,3.12,2863693,1362371,nan,18243.0,13810.0,126.0,284.0,53.0,49520.0,4023.0,nan,1491918,9139.0
2021-09-16,Montréal,141739,4784,134639,0,0,965010,3.71,2868909,1365320,nan,18327.0,13819.0,126.0,284.0,53.0,49723.0,4098.0,nan,1493759,9544.0
2021-09-17,Montréal,142043,4785,134838,0,0,967256,3.06,2874059,1368180,nan,19251.0,13819.0,126.0,284.0,53.0,49083.0,5022.0,nan,1495670,9918.0
2021-09-18,Montréal,142304,4785,135069,0,0,969351,3.16,2880583,1372031,nan,19251.0,13819.0,126.0,284.0,53.0,49083.0,5022.0,nan,1497974,10274.0
2021-09-19,Montréal,142567,4785,135330,0,0,971047,3.45,2885154,1374935,nan,19251.0,13819.0,126.0,284.0,53.0,49083.0,5022.0,nan,1499424,10478.0
2021-09-20,Montréal,142830,4785,135664,0,0,972303,3.75,2888290,1376870,nan,19579.0,13820.0,126.0,284.0,53.0,49452.0,5349.0,nan,1500445,10651.0
2021-09-21,Montréal,143006,4787,135903,0,0,974129,3.03,2892470,1379390,nan,19822.0,13820.0,126.0,284.0,53.0,49422.0,5592.0,nan,1501819,10929.0
2021-09-22,Montréal,143243,4790,136107,0,0,975950,2.88,2896427,1381760,nan,19834.0,13820.0,126.0,284.0,53.0,49612.0,5604.0,nan,1503143,11177.0
2021-09-23,Montréal,143502,4793,136326,0,0,978196,2.64,2900341,1384060,nan,20181.0,13821.0,126.0,284.0,53.0,49511.0,5950.0,nan,1504479,11441.0
2021-09-24,Montréal,143714,4794,136562,0,0,980401,2.56,2904540,1386751,nan,20722.0,13822.0,126.0,284.0,53.0,49200.0,6490.0,nan,1505658,11754.0
2021-09-25,Montréal,143714,4794,136562,0,0,982355,3.0,2909836,1390091,nan,20722.0,13822.0,126.0,284.0,53.0,49200.0,6490.0,nan,1507242,12103.0
2021-09-26,Montréal,143714,4794,136562,0,0,984001,3.19,2913604,1392604,nan,20722.0,13822.0,126.0,284.0,53.0,49200.0,6490.0,nan,1508323,12269.0
2021-09-27,Montréal,144390,4797,137368,0,0,985268,2.5,2916005,1394088,nan,21220.0,13822.0,126.0,284.0,53.0,49229.0,6988.0,nan,1509087,12416.0
2021-09-28,Montréal,144520,4799,137593,0,0,986830,2.11,2919161,1395987,nan,21502.0,13822.0,126.0,284.0,53.0,49095.0,7270.0,nan,1510131,12614.0
2021-09-29,Montréal,144707,4801,137836,0,0,988810,2.34,2922520,1398093,nan,21579.0,13822.0,126.0,284.0,53.0,49216.0,7347.0,nan,1511113,12873.0
2021-09-30,Montréal,144936,4801,138069,0,0,990940,2.76,2926157,1400316,nan,22223.0,13822.0,126.0,284.0,53.0,48788.0,7991.0,nan,1512234,13160.0
2021-10-01,Montréal,145015,4803,138200,0,0,992869,2.3,2930280,1402891,nan,22260.0,13822.0,126.0,284.0,53.0,48787.0,8028.0,nan,1513391,13534.0
2021-10-02,Montréal,145181,4803,138437,0,0,994645,2.02,2934835,1405851,nan,22260.0,13822.0,126.0,284.0,53.0,48787.0,8028.0,nan,1514692,13814.0
2021-10-03,Montréal,145322,4803,138678,0,0,996354,1.98,2938319,1408277,nan,22260.0,13822.0,126.0,284.0,53.0,48787.0,8028.0,nan,1515589,13964.0
2021-10-04,Montréal,145441,4806,138897,0,0,997579,2.82,2940987,1410151,nan,22685.0,13822.0,126.0,284.0,53.0,48768.0,8453.0,nan,1516282,14057.0
2021-10-05,Montréal,145553,4808,139123,0,0,999188,1.92,2944016,1412001,nan,22719.0,13822.0,126.0,284.0,53.0,48852.0,8487.0,nan,1517191,14319.0
2021-10-06,Montréal,145700,4808,139274,0,0,1001034,1.63,2947151,1414028,nan,22901.0,13822.0,126.0,284.0,53.0,48800.0,8669.0,nan,1518097,14511.0
2021-10-07,Montréal,145870,4812,139431,0,0,1002952,2.37,2950641,1416256,nan,48874.0,13822.0,126.0,284.0,53.0,48874.0,8752.0,nan,1519138,14723.0
2021-10-08,Montréal,146050,4813,139632,0,0,1004843,2.07,2954341,1418580,nan,48758.0,13822.0,126.0,284.0,53.0,48758.0,9039.0,nan,1520241,14990.0
2021-10-09,Montréal,146197,4813,139859,0,0,1006785,2.22,2958965,1421540,nan,48758.0,13822.0,126.0,284.0,53.0,48758.0,9039.0,nan,1521579,15308.0
2021-10-10,Montréal,146373,4813,140044,0,0,1008257,2.38,2962331,1423766,nan,48758.0,13822.0,126.0,284.0,53.0,48758.0,9039.0,nan,1522564,15457.0
2021-10-11,Montréal,146482,4817,140197,0,0,1009409,2.11,2964610,1425217,nan,48758.0,13822.0,126.0,284.0,53.0,48758.0,9039.0,nan,1523286,15559.0
2021-10-12,Montréal,146596,4818,140332,0,0,1010996,2.25,2966813,1426653,nan,48876.0,13822.0,126.0,284.0,53.0,48876.0,9450.0,nan,1523927,15680.0
2021-10-13,Montréal,146730,4820,140455,0,0,1012540,2.28,2970370,1428812,nan,48871.0,13822.0,126.0,284.0,53.0,48871.0,9587.0,nan,1524919,16073.0
2021-10-14,Montréal,146911,4822,140591,0,0,1014269,1.98,2973400,1430678,nan,48910.0,13822.0,126.0,284.0,53.0,48910.0,9698.0,nan,1525803,16348.0
2021-10-15,Montréal,147098,4822,140754,0,0,1016257,2.3,2976467,1432523,nan,48894.0,13822.0,126.0,284.0,53.0,48894.0,9893.0,nan,1526773,16589.0
2021-10-16,Montréal,147285,4822,140920,0,0,1018186,2.76,2980407,1434978,nan,48894.0,13822.0,126.0,284.0,53.0,48894.0,9893.0,nan,1527921,16906.0
2021-10-17,Montréal,147416,4822,141074,0,0,1019843,2.24,2983217,1436750,nan,48894.0,13822.0,126.0,284.0,53.0,48894.0,9893.0,nan,1528779,17079.0
2021-10-18,Montréal,147543,4823,141213,0,0,1021061,2.19,2984998,1437808,nan,48995.0,13822.0,126.0,284.0,53.0,48995.0,10230.0,nan,1529421,17157.0
2021-10-19,Montréal,147639,4825,141357,0,0,1022821,2.01,2987494,1439227,nan,49040.0,13822.0,126.0,284.0,53.0,49040.0,10280.0,nan,1530254,17395.0
2021-10-20,Montréal,147778,4826,141472,0,0,1024541,3.08,2989861,1440507,nan,49104.0,13822.0,126.0,284.0,53.0,49104.0,10346.0,nan,1530978,17749.0
2021-10-21,Montréal,147912,4826,141613,0,0,1026287,1.93,2992924,1442006,nan,49158.0,13822.0,126.0,284.0,53.0,49158.0,10403.0,nan,1531841,18442.0
2021-10-22,Montréal,148049,4829,141770,0,0,1027823,1.46,2995854,1443333,nan,49269.0,13822.0,126.0,284.0,53.0,49269.0,10430.0,nan,1532636,19242.0
2021-10-23,Montréal,148153,4830,141935,0,0,1029613,1.86,2999581,1445247,nan,49269.0,13822.0,126.0,284.0,53.0,49269.0,10430.0,nan,1533639,20045.0
2021-10-24,Montréal,148265,4830,142134,0,0,1031192,1.83,3001853,1446660,nan,49269.0,13822.0,126.0,284.0,53.0,49269.0,10430.0,nan,1534355,20182.0
2021-10-25,Montréal,148342,4831,142281,0,0,1032437,2.18,3003333,1447567,nan,49527.0,13822.0,126.0,284.0,53.0,49527.0,10442.0,nan,1534838,20267.0
2021-10-26,Montréal,148438,4833,142442,0,0,1033847,1.83,3006925,1448835,nan,49620.0,13822.0,126.0,284.0,53.0,49620.0,10442.0,nan,1535537,21886.0
2021-10-27,Montréal,148600,4834,142561,0,0,1035789,1.91,3009906,1449971,nan,49738.0,13823.0,126.0,284.0,53.0,49738.0,10442.0,nan,1536132,23125.0
2021-10-28,Montréal,148742,4834,142673,0,0,1037454,1.93,3013791,1451145,nan,49871.0,13823.0,126.0,284.0,53.0,49871.0,10441.0,nan,1536868,25084.0
2021-10-29,Montréal,148876,4835,142806,0,0,1039334,2.43,3016904,1452418,nan,49997.0,13823.0,126.0,285.0,53.0,49997.0,10443.0,nan,1537452,26333.0
2021-10-30,Montréal,149054,4836,142945,0,0,1040995,2.06,3020493,1453865,nan,49997.0,13823.0,126.0,285.0,53.0,49997.0,10443.0,nan,1538178,27739.0
2021-10-31,Montréal,149190,4836,143064,0,0,1042502,2.61,3022733,1455073,nan,49997.0,13823.0,126.0,285.0,53.0,49997.0,10443.0,nan,1538753,28181.0
2021-11-01,Montréal,149328,4838,143171,0,0,1043733,3.04,3023956,1455799,nan,50358.0,13823.0,126.0,285.0,53.0,50358.0,10509.0,nan,1539149,28276.0
2021-11-02,Montréal,149451,4839,143274,0,0,1045189,1.94,3027317,1456818,nan,50481.0,13823.0,126.0,285.0,53.0,50481.0,10509.0,nan,1539717,30040.0
2021-11-03,Montréal,149572,4842,143358,0,0,1046833,1.59,3030513,1457762,nan,50939.0,13823.0,126.0,285.0,53.0,50939.0,10509.0,nan,1540313,31690.0
2021-11-04,Montréal,149729,4843,143479,0,0,1048472,2.51,3033841,1458789,nan,51088.0,13823.0,126.0,285.0,53.0,51088.0,10512.0,nan,1540836,33460.0
2021-11-05,Montréal,149862,4843,143613,0,0,1050224,2.01,3037025,1459798,nan,51233.0,13823.0,126.0,285.0,53.0,51233.0,10512.0,nan,1541322,35142.0
2021-11-06,Montréal,150023,4845,143751,0,0,1051925,2.38,3040333,1461148,nan,51233.0,13823.0,126.0,285.0,53.0,51233.0,10512.0,nan,1541941,36464.0
2021-11-07,Montréal,150199,4846,143882,0,0,1053442,3.19,3042339,1462251,nan,51233.0,13823.0,126.0,285.0,53.0,51233.0,10512.0,nan,1542640,36659.0
2021-11-08,Montréal,150378,4847,144018,0,0,1054577,3.33,3043832,1462999,nan,51751.0,13823.0,126.0,285.0,53.0,51751.0,10528.0,nan,1543068,36974.0
2021-11-09,Montréal,150568,4847,144156,0,0,1056173,2.36,3046868,1463808,nan,51932.0,13823.0,126.0,285.0,53.0,51932.0,10529.0,nan,1543575,38688.0
2021-11-10,Montréal,150760,4847,144283,0,0,1057922,3.03,3049691,1464746,nan,52138.0,13823.0,126.0,285.0,53.0,52138.0,10529.0,nan,1544040,40105.0
2021-11-11,Montréal,150974,4848,144403,0,0,1059586,2.87,3052779,1465637,nan,52356.0,13823.0,126.0,285.0,53.0,52356.0,10529.0,nan,1544560,41771.0
2021-11-12,Montréal,151202,4848,144522,0,0,1061182,2.72,3056235,1466551,nan,52551.0,13820.0,126.0,285.0,53.0,52551.0,10564.0,nan,1545035,43828.0
2021-11-13,Montréal,151370,4849,144667,0,0,1062856,2.74,3059824,1467721,nan,52551.0,13820.0,126.0,285.0,53.0,52551.0,10564.0,nan,1545641,45635.0
2021-11-14,Montréal,151547,4850,144825,0,0,1064258,2.61,3061771,1468665,nan,52551.0,13820.0,126.0,285.0,53.0,52551.0,10564.0,nan,1546144,46130.0
2021-11-15,Montréal,151704,4851,144995,0,0,1065310,3.05,3063170,1469371,nan,53049.0,13820.0,126.0,285.0,53.0,53049.0,10579.0,nan,1546521,46445.0
2021-11-16,Montréal,151840,4851,145196,0,0,1066716,2.54,3066005,1470158,nan,53161.0,13820.0,126.0,285.0,53.0,53161.0,10579.0,nan,1547008,47995.0
2021-11-17,Montréal,152081,4851,145339,0,0,1068447,3.07,3068789,1470894,nan,53392.0,13820.0,126.0,285.0,53.0,53392.0,10578.0,nan,1547453,49588.0
2021-11-18,Montréal,152310,4851,145483,0,0,1070146,3.18,3071827,1471778,nan,53639.0,13820.0,126.0,285.0,53.0,53639.0,10578.0,nan,1547994,51191.0
2021-11-19,Montréal,152513,4851,145721,0,0,1071649,2.87,3074395,1472506,nan,53833.0,13820.0,126.0,285.0,53.0,53833.0,10578.0,nan,1548424,52594.0
2021-11-20,Montréal,152757,4852,145916,0,0,1073213,3.76,3077195,1473556,nan,53833.0,13820.0,126.0,285.0,53.0,53833.0,10578.0,nan,1549010,53739.0
2021-11-21,Montréal,152962,4852,146139,0,0,1074706,3.6,3078868,1474432,nan,53833.0,13820.0,126.0,285.0,53.0,53833.0,10578.0,nan,1549540,54004.0
2021-11-22,Montréal,153168,4853,146308,0,0,1075904,3.65,3080041,1474991,nan,54611.0,13820.0,126.0,285.0,53.0,54611.0,10467.0,nan,1549918,54238.0
2021-11-23,Montréal,153372,4854,146489,0,0,1077331,2.99,3082175,1475715,nan,54803.0,13820.0,126.0,285.0,53.0,54803.0,10467.0,nan,1550388,55172.0
2021-11-24,Montréal,154383,4854,148084,0,0,1079072,2.98,3084234,1476343,nan,55028.0,13820.0,126.0,285.0,53.0,55028.0,10469.0,nan,1550808,56182.0
2021-11-25,Montréal,155121,4857,148084,0,0,1080726,3.64,3087863,1477057,nan,55434.0,13820.0,126.0,285.0,53.0,55434.0,10469.0,nan,1552587,57313.0
2021-11-26,Montréal,155376,4859,148335,0,0,1082796,3.27,3092278,1477658,nan,55434.0,13820.0,126.0,285.0,53.0,55434.0,10469.0,nan,1554891,58821.0
2021-11-27,Montréal,155740,4861,148560,0,0,1084775,3.44,3098698,1478468,nan,55434.0,13820.0,126.0,285.0,53.0,55434.0,10469.0,nan,1559204,60115.0
2021-11-28,Montréal,155985,4861,148753,0,0,1086369,3.64,3104231,1479156,nan,55434.0,13820.0,126.0,285.0,53.0,55434.0,10469.0,0.0,1563508,60646.0
2021-11-29,Montréal,156196,4861,149010,0,0,1087566,4.06,3109438,1479681,nan,56315.0,13820.0,126.0,285.0,53.0,56315.0,10469.0,0.0,1567660,61172.0
2021-11-30,Montréal,156429,4862,149223,0,0,1089075,4.01,3115500,1480290,nan,56768.0,13820.0,126.0,285.0,53.0,56768.0,10469.0,0.0,1571231,63049.0
2021-12-01,Montréal,156776,4863,149424,0,0,1090972,4.0,3121440,1480747,nan,57117.0,13820.0,126.0,285.0,53.0,57117.0,10469.0,1.0,1574624,65134.0
2021-12-02,Montréal,157111,4863,149601,0,0,1093057,4.3,3127317,1481218,nan,57516.0,13820.0,126.0,285.0,53.0,57516.0,10469.0,1.0,1578319,66836.0
2021-12-03,Montréal,157505,4863,149873,0,0,1095039,4.09,3133146,1481688,nan,57853.0,13820.0,126.0,285.0,53.0,57853.0,10469.0,1.0,1581845,68664.0
2021-12-04,Montréal,157883,4863,150155,0,0,1097187,4.0,3140098,1482355,nan,57853.0,13820.0,126.0,285.0,53.0,57853.0,10469.0,1.0,1586350,70440.0
2021-12-05,Montréal,158250,4863,150412,0,0,1098863,5.05,3145765,1482856,nan,57853.0,13820.0,126.0,285.0,53.0,57853.0,10469.0,1.0,1590183,71769.0
2021-12-06,Montréal,158600,4863,150661,0,0,1100167,5.35,3150202,1483250,nan,58848.0,13820.0,126.0,285.0,53.0,58848.0,10570.0,1.0,1592836,73154.0
2021-12-07,Montréal,158961,4863,150920,0,0,1101977,4.42,3156424,1483674,nan,59204.0,13820.0,126.0,285.0,53.0,59204.0,10570.0,1.0,1596173,75613.0
2021-12-08,Montréal,159308,4863,151134,0,0,1103862,4.7,3162948,1484088,nan,59593.0,13820.0,126.0,285.0,53.0,59593.0,10570.0,1.0,1599299,78594.0
2021-12-09,Montréal,159786,4863,151384,0,0,1106157,5.05,3170786,1484555,nan,60130.0,13820.0,126.0,285.0,53.0,60130.0,10570.0,1.0,1602476,82785.0
2021-12-10,Montréal,160342,4866,151743,0,0,1108477,5.77,3179536,1485082,nan,60708.0,13820.0,126.0,285.0,53.0,60708.0,10570.0,1.0,1605426,88054.0
2021-12-11,Montréal,160894,4866,152062,0,0,1110775,5.29,3189866,1485663,nan,60708.0,13820.0,126.0,285.0,53.0,60708.0,10570.0,1.0,1609109,94112.0
2021-12-12,Montréal,161345,4866,152441,0,0,1113021,5.04,3196739,1486082,nan,60708.0,13820.0,126.0,285.0,53.0,60708.0,10570.0,1.0,1611381,98290.0
2021-12-13,Montréal,161806,4867,152801,0,0,1114907,5.33,3203309,1486454,nan,62046.0,13820.0,126.0,285.0,53.0,62046.0,10570.0,1.0,1613091,102767.0
2021-12-14,Montréal,162222,4868,153190,0,0,1117252,7.14,3213887,1486932,nan,62659.0,13820.0,126.0,285.0,53.0,62659.0,10675.0,1.0,1615568,110384.0
2021-12-15,Montréal,163066,4871,153520,0,0,1119918,7.97,3225718,1487375,nan,63608.0,13820.0,126.0,285.0,53.0,63608.0,10675.0,25.0,1618398,118932.0
2021-12-16,Montréal,164015,4872,153853,0,0,1122588,8.99,3237445,1487880,nan,64521.0,13820.0,126.0,285.0,53.0,64521.0,10676.0,88.0,1620460,128085.0
2021-12-17,Montréal,165252,4873,154279,0,0,1125390,9.98,3250363,1488392,nan,65633.0,13820.0,126.0,285.0,53.0,65633.0,10676.0,123.0,1622647,138297.0
2021-12-18,Montréal,166195,4873,154712,0,0,1128097,9.84,3265389,1488926,nan,65633.0,13820.0,126.0,285.0,53.0,65633.0,10676.0,123.0,1624989,150431.0
2021-12-19,Montréal,167241,4873,155289,0,0,1131016,12.39,3276672,1489395,nan,65633.0,13820.0,126.0,285.0,53.0,65633.0,10676.0,123.0,1626629,159589.0
2021-12-20,Montréal,168696,4874,155789,0,0,1133798,13.24,3287434,1489883,nan,69663.0,13820.0,126.0,285.0,53.0,69663.0,10676.0,259.0,1627728,168748.0
2021-12-21,Montréal,170352,4876,156297,0,0,1136787,16.42,3303488,1490401,nan,71708.0,13820.0,126.0,285.0,53.0,71708.0,10676.0,400.0,1629407,182577.0
2021-12-22,Montréal,172109,4876,156712,0,0,1139699,18.82,3322245,1490968,nan,74107.0,13820.0,126.0,285.0,53.0,74107.0,10697.0,1404.0,1630513,199631.0
2021-12-23,Montréal,175777,4876,157203,0,0,1143069,20.56,3341819,1491605,nan,77481.0,13820.0,126.0,285.0,53.0,77481.0,10697.0,1553.0,1631604,217442.0
2021-12-24,Montréal,179361,4877,158095,0,0,1145926,21.42,3359058,1492130,nan,77481.0,13820.0,126.0,285.0,53.0,77481.0,10697.0,1553.0,1632643,233076.0
2021-12-25,Montréal,182441,4878,159213,0,0,1148757,22.55,3366241,1492370,nan,77481.0,13820.0,126.0,285.0,53.0,77481.0,10697.0,1553.0,1633162,239481.0
2021-12-26,Montréal,185218,4880,160490,0,0,1150929,25.44,3366273,1492373,nan,77481.0,13820.0,126.0,285.0,53.0,77481.0,10697.0,1553.0,1633167,239504.0
2021-12-27,Montréal,187604,4882,161811,0,0,1153244,27.23,3371476,1492547,nan,89329.0,13820.0,126.0,285.0,53.0,89329.0,10697.0,1738.0,1633559,244135.0
2021-12-28,Montréal,191363,4883,163466,0,0,1155779,29.66,3386520,1493028,nan,93087.0,13820.0,126.0,285.0,53.0,93087.0,10697.0,1761.0,1634373,257853.0
2021-12-29,Montréal,195189,4886,164964,0,0,1158220,31.07,3404272,1493560,nan,97415.0,13820.0,126.0,285.0,53.0,97415.0,10697.0,1907.0,1635054,274354.0
2021-12-30,Montréal,199567,4887,166728,0,0,1160101,30.67,3422039,1493993,nan,102063.0,13820.0,126.0,285.0,53.0,102063.0,10698.0,2003.0,1635764,290926.0
2021-12-31,Montréal,204830,4889,169656,0,0,1161876,29.35,3438461,1494520,nan,102063.0,13820.0,126.0,285.0,53.0,102063.0,10698.0,2003.0,1636456,306074.0
2022-01-01,Montréal,208395,4889,173378,0,0,1163741,31.15,3446703,1494846,nan,102063.0,13820.0,126.0,285.0,53.0,102063.0,10698.0,2003.0,1636828,313590.0
2022-01-02,Montréal,212215,4889,177534,0,0,1165059,31.67,3446770,1494848,nan,102063.0,13820.0,126.0,285.0,53.0,102063.0,10698.0,2003.0,1636834,313649.0
2022-01-03,Montréal,215834,4890,181390,0,0,1166586,31.83,3452322,1495220,nan,102063.0,13820.0,126.0,285.0,53.0,102063.0,10698.0,2003.0,1637143,318503.0
2022-01-04,Montréal,219919,4896,184206,0,0,1168610,29.51,3466105,1495805,nan,120309.0,13820.0,126.0,285.0,53.0,120309.0,10698.0,2282.0,1637799,330998.0
2022-01-05,Montréal,223703,4899,186551,0,0,1170184,33.43,3482898,1496255,nan,124316.0,13820.0,126.0,285.0,53.0,124316.0,10706.0,2365.0,1638444,346640.0
2022-01-06,Montréal,227907,4907,189895,0,0,1172168,29.34,3500832,1496779,nan,128838.0,13821.0,126.0,285.0,53.0,128838.0,10706.0,2458.0,1639032,363408.0
2022-01-07,Montréal,232283,4914,194382,0,0,1174097,29.78,3519897,1497300,nan,132462.0,13821.0,126.0,285.0,53.0,132462.0,10706.0,2596.0,1639628,381302.0
2022-01-08,Montréal,232283,4914,194382,0,0,1175860,29.11,3539240,1497890,nan,132462.0,13821.0,126.0,285.0,53.0,132462.0,10706.0,2596.0,1640313,399267.0
2022-01-09,Montréal,236023,4923,199465,0,0,1177200,25.15,3554071,1498520,nan,132462.0,13821.0,126.0,285.0,53.0,132462.0,10706.0,2596.0,1641074,412653.0
2022-01-10,Montréal,241676,4931,209979,0,0,1178846,28.18,3568338,1498948,nan,141232.0,13821.0,126.0,285.0,53.0,141232.0,10706.0,2825.0,1641595,425909.0
2022-01-11,Montréal,244899,4946,213934,0,0,1180234,27.17,3588235,1499532,nan,144190.0,13821.0,126.0,285.0,53.0,144190.0,10706.0,2984.0,1642167,444554.0
2022-01-12,Montréal,247359,4959,216848,0,0,1181450,20.35,3609523,1500099,nan,146028.0,13821.0,126.0,285.0,53.0,146028.0,10708.0,3086.0,1642790,464538.0
2022-01-13,Montréal,249706,4973,220862,0,0,1182671,20.17,3632259,1500757,nan,148137.0,13821.0,126.0,285.0,53.0,148137.0,10708.0,3137.0,1643654,485613.0
2022-01-14,Montréal,251980,4987,226204,0,0,1184463,15.91,3654732,1501500,nan,149816.0,13821.0,126.0,285.0,53.0,149816.0,10708.0,3250.0,1644584,506254.0
2022-01-15,Montréal,254131,5001,230907,0,0,1186175,14.99,3677784,1502530,nan,149816.0,13821.0,126.0,285.0,53.0,149816.0,10708.0,3250.0,1645720,526934.0
2022-01-16,Montréal,256000,5001,234763,0,0,1188004,13.23,3697298,1503450,nan,149816.0,13821.0,126.0,285.0,53.0,149816.0,10708.0,3250.0,1646836,544310.0
2022-01-17,Montréal,257382,5022,237500,0,0,1189398,15.46,3715553,1504189,nan,153493.0,13821.0,126.0,285.0,53.0,153493.0,10708.0,3383.0,1647567,561020.0
2022-01-18,Montréal,258252,5034,239727,0,0,1190918,13.05,3733741,1504735,nan,154341.0,13821.0,126.0,285.0,53.0,154341.0,10708.0,3393.0,1648106,578009.0
2022-01-19,Montréal,259626,5052,241055,0,0,1192472,13.23,3755352,1505363,nan,155921.0,13821.0,126.0,285.0,53.0,155921.0,10786.0,3426.0,1648885,597895.0
2022-01-20,Montréal,261002,5072,242480,0,0,1194292,11.53,3776165,1506787,nan,156969.0,13821.0,126.0,285.0,53.0,156969.0,10786.0,3484.0,1649589,616335.0
2022-01-21,Montréal,262604,5081,244515,0,0,1195873,11.81,3797315,1508451,nan,157937.0,13821.0,126.0,285.0,53.0,157937.0,10786.0,3508.0,1650351,634866.0
2022-01-22,Montréal,263818,5094,245964,0,0,1197070,11.71,3818806,1511183,nan,157937.0,13821.0,126.0,285.0,53.0,157937.0,10786.0,3508.0,1650981,652793.0
2022-01-23,Montréal,264615,5096,247366,0,0,1198415,10.01,3836842,1514364,nan,157937.0,13821.0,126.0,285.0,53.0,157937.0,10786.0,3508.0,1651719,666747.0
2022-01-24,Montréal,265178,5114,248550,0,0,1199324,11.9,3851853,1517218,nan,156969.0,13821.0,126.0,285.0,53.0,156969.0,10786.0,3484.0,1652135,678388.0
2022-01-25,Montréal,265794,5124,249645,0,0,1200573,10.47,3868602,1519661,nan,160410.0,13821.0,126.0,285.0,53.0,160410.0,10786.0,3743.0,1652742,691909.0
2022-01-26,Montréal,266653,5143,250628,0,0,1201480,10.61,3884265,1521945,nan,161074.0,13821.0,126.0,285.0,53.0,161074.0,10786.0,3784.0,1653445,704396.0
2022-01-27,Montréal,267382,5154,251552,0,0,1202438,10.44,3898295,1524224,nan,161074.0,13821.0,126.0,285.0,53.0,161074.0,10786.0,3784.0,1654072,715336.0
2022-01-28,Montréal,268074,5160,252626,0,0,1203322,9.83,3911928,1526553,nan,161074.0,13821.0,126.0,285.0,53.0,161074.0,10786.0,3784.0,1654825,725726.0
2022-01-29,Montréal,268762,5183,253820,0,0,1204357,9.65,3929554,1530033,nan,161074.0,13821.0,126.0,285.0,53.0,161074.0,10786.0,3784.0,1655751,738760.0
2022-01-30,Montréal,269292,5183,254821,0,0,1205230,9.84,3943640,1533051,nan,161074.0,13821.0,126.0,285.0,53.0,161074.0,10786.0,3784.0,1656423,749031.0
2022-01-31,Montréal,269730,5199,255720,0,0,1206247,9.45,3953038,1535098,nan,161074.0,13821.0,126.0,285.0,53.0,161074.0,10786.0,3784.0,1656787,755940.0
2022-02-01,Montréal,270200,5205,256632,0,0,1207444,9.2,3963172,1537188,nan,161074.0,13821.0,126.0,285.0,53.0,161074.0,10786.0,3784.0,1657499,763092.0
2022-02-02,Montréal,270874,5214,257334,0,0,1208441,10.16,3972007,1539274,nan,161074.0,13821.0,126.0,285.0,53.0,161074.0,10786.0,3784.0,1658093,769144.0
2022-02-03,Montréal,271448,5220,258129,0,0,1209435,10.49,3981301,1541590,nan,161074.0,13821.0,126.0,285.0,53.0,161074.0,10786.0,3784.0,1658724,775382.0
2022-02-04,Montréal,272241,5229,259099,0,0,1210386,9.7,3989733,1543702,nan,161074.0,13821.0,126.0,285.0,53.0,161074.0,10786.0,3784.0,1659384,780938.0
2022-02-05,Montréal,272808,5237,259887,0,0,1211418,8.55,3999038,1546153,nan,161074.0,13821.0,126.0,285.0,53.0,161074.0,10786.0,3784.0,1660006,787056.0
2022-02-06,Montréal,273234,5237,260632,0,0,1212396,9.21,4006748,1548042,nan,161074.0,13821.0,126.0,285.0,53.0,161074.0,10786.0,3784.0,1660458,792361.0
2022-02-07,Montréal,273615,5243,261346,0,0,1213362,9.71,4011655,1549315,nan,161074.0,13821.0,126.0,285.0,53.0,161074.0,10786.0,3784.0,1660719,795686.0
2022-02-08,Montréal,274060,5251,262053,0,0,1214420,9.59,4017987,1551191,nan,161074.0,13821.0,126.0,285.0,53.0,161074.0,10786.0,3784.0,1661187,799592.0
2022-02-09,Montréal,274703,5256,262619,0,0,1215533,8.71,4024473,1553141,nan,161074.0,13821.0,126.0,285.0,53.0,161074.0,10786.0,3784.0,1661710,803523.0
2022-02-10,Montréal,275186,5262,263273,0,0,1216468,7.98,4030819,1555005,nan,161074.0,13821.0,126.0,285.0,53.0,161074.0,10786.0,3784.0,1662278,807356.0
2022-02-11,Montréal,275186,5262,263273,0,0,1217408,8.63,4036715,1556807,nan,161074.0,13821.0,126.0,285.0,53.0,161074.0,10786.0,3784.0,1662684,810979.0
2022-02-12,Montréal,276131,5272,264777,0,0,1218550,7.74,4043389,1558435,nan,161074.0,13821.0,126.0,285.0,53.0,161074.0,10786.0,3784.0,1663120,815475.0
2022-02-13,Montréal,276440,5273,265417,0,0,1219599,6.91,4048468,1559711,nan,161074.0,13821.0,126.0,285.0,53.0,161074.0,10786.0,3784.0,1663417,818919.0
2022-02-14,Montréal,276665,5276,266007,0,0,1220509,7.68,4051230,1560554,nan,519.0,13821.0,126.0,285.0,53.0,165502.0,11507.0,3504.0,1663555,820660.0
2022-02-15,Montréal,277105,5276,266721,0,0,1221671,6.51,4055706,1562208,nan,519.0,13821.0,126.0,285.0,53.0,165502.0,11507.0,3504.0,1663956,823019.0
2022-02-16,Montréal,277582,5282,267267,0,0,1222617,6.22,4059919,1563473,nan,519.0,13821.0,126.0,285.0,53.0,165502.0,11507.0,3504.0,1664180,825680.0
2022-02-17,Montréal,277964,5282,267856,0,0,1223668,6.2,4063577,1564526,nan,519.0,13821.0,126.0,285.0,53.0,165502.0,11507.0,3504.0,1664389,828015.0
2022-02-18,Montréal,278311,5293,268510,0,0,1224736,6.61,4066884,1565510,nan,519.0,13821.0,126.0,285.0,53.0,165502.0,11507.0,3504.0,1664582,830029.0
2022-02-19,Montréal,278667,5294,269139,0,0,1225890,5.77,4070294,1566103,nan,519.0,13821.0,126.0,285.0,53.0,165502.0,11507.0,3504.0,1664712,832647.0
2022-02-20,Montréal,278854,5295,269575,0,0,1227107,5.72,4074105,1566669,nan,519.0,13821.0,126.0,285.0,53.0,165502.0,11507.0,3504.0,1664829,835726.0
2022-02-21,Montréal,279013,5295,269994,0,0,1228278,4.63,4077013,1567114,nan,516.0,13821.0,126.0,285.0,53.0,174426.0,11518.0,3637.0,1664906,838068.0
2022-02-22,Montréal,279273,5297,270439,0,0,1229577,5.75,4080535,1567969,nan,516.0,13821.0,126.0,285.0,53.0,174426.0,11518.0,3637.0,1665118,840450.0
2022-02-23,Montréal,279596,5301,270847,0,0,1230668,4.87,4083615,1568678,nan,516.0,13821.0,126.0,285.0,53.0,174426.0,11518.0,3637.0,1665347,842524.0
2022-02-24,Montréal,279827,5304,271207,0,0,1231797,5.86,4086345,1569390,nan,516.0,13821.0,126.0,285.0,53.0,174426.0,11518.0,3637.0,1665520,844322.0
2022-02-25,Montréal,280123,5308,271635,0,0,1233166,5.08,4090132,1570347,nan,516.0,13821.0,126.0,285.0,53.0,174426.0,11518.0,3637.0,1665823,846759.0
2022-02-26,Montréal,280123,5308,271635,0,0,1234392,4.27,4093448,1570967,nan,516.0,13821.0,126.0,285.0,53.0,174426.0,11518.0,3637.0,1665950,849221.0
2022-02-27,Montréal,280519,5309,272303,0,0,1235681,4.66,4096713,1571472,nan,516.0,13821.0,126.0,285.0,53.0,174426.0,11518.0,3637.0,1666061,851824.0
2022-02-28,Montréal,280669,5310,272822,0,0,1236723,3.96,4098802,1571885,nan,516.0,13819.0,126.0,285.0,53.0,175136.0,11516.0,4174.0,1666129,853402.0
2022-03-01,Montréal,280756,5311,272837,0,0,1237870,4.99,4101444,1572372,nan,516.0,13819.0,126.0,285.0,53.0,175136.0,11516.0,4174.0,1666256,855372.0
2022-03-02,Montréal,281033,5311,273080,0,0,1238756,5.7,4103546,1572806,nan,516.0,13819.0,126.0,285.0,53.0,175136.0,11516.0,4174.0,1666354,856887.0
2022-03-03,Montréal,281243,5319,273319,0,0,1239272,5.24,4105509,1573192,nan,516.0,13819.0,126.0,285.0,53.0,175136.0,11516.0,4174.0,1666455,858302.0
2022-03-04,Montréal,281484,5324,273687,0,0,1239816,5.64,4107438,1573561,nan,516.0,13821.0,126.0,285.0,53.0,175917.0,11523.0,4317.0,1666541,859694.0
2022-03-05,Montréal,281689,5326,273921,0,0,1240402,6.22,4109648,1573958,nan,516.0,13821.0,126.0,285.0,53.0,175917.0,11523.0,4317.0,1666642,861328.0
2022-03-06,Montréal,281807,5327,274149,0,0,1240966,5.52,4111541,1574340,nan,516.0,13821.0,126.0,285.0,53.0,175917.0,11523.0,4317.0,1666731,862695.0
2022-03-07,Montréal,281905,5328,274356,0,0,1241432,5.63,4112900,1574657,nan,516.0,13821.0,126.0,285.0,53.0,176259.0,11523.0,4326.0,1666776,863656.0
2022-03-08,Montréal,282041,5330,274536,0,0,1241976,6.02,4114529,1575033,nan,516.0,13821.0,126.0,285.0,53.0,176259.0,11523.0,4326.0,1666864,864722.0
2022-03-09,Montréal,282261,5330,274718,0,0,1242529,5.43,4116107,1575386,nan,516.0,13821.0,126.0,285.0,53.0,176259.0,11523.0,4326.0,1666936,865796.0
2022-03-10,Montréal,282438,5330,274886,0,0,1243107,5.83,4117515,1575746,nan,516.0,13821.0,126.0,285.0,53.0,176259.0,11523.0,4326.0,1667018,866703.0
2022-03-11,Montréal,282592,5330,275113,0,0,1243567,6.1,4119085,1576126,nan,516.0,13821.0,126.0,285.0,53.0,176259.0,11523.0,4326.0,1667087,867725.0
2022-03-12,Montréal,282756,5330,275283,0,0,1244083,6.64,4121437,1576732,nan,516.0,13821.0,126.0,285.0,53.0,176259.0,11523.0,4326.0,1667210,869257.0
2022-03-13,Montréal,282892,5330,275453,0,0,1244586,4.98,4123453,1577301,nan,516.0,13821.0,126.0,285.0,53.0,176259.0,11523.0,4326.0,1667291,870561.0
2022-03-14,Montréal,282984,5330,275583,0,0,1244966,4.16,4124555,1577648,nan,516.0,13821.0,126.0,285.0,53.0,177015.0,11523.0,4529.0,1667340,871225.0
2022-03-15,Montréal,283110,5332,275741,0,0,1245496,6.68,4125978,1578006,nan,516.0,13821.0,126.0,285.0,53.0,177015.0,11523.0,4529.0,1667422,872144.0
2022-03-16,Montréal,283285,5333,275896,0,0,1246023,6.76,4127318,1578345,nan,516.0,13821.0,126.0,285.0,53.0,177015.0,11523.0,4529.0,1667473,873035.0
2022-03-17,Montréal,283498,5335,276028,0,0,1246595,7.94,4128609,1578614,nan,516.0,13821.0,126.0,285.0,53.0,177015.0,11523.0,4529.0,1667559,873898.0
2022-03-18,Montréal,283719,5336,276250,0,0,1247170,7.47,4130295,1579067,nan,516.0,13821.0,126.0,285.0,53.0,177015.0,11523.0,4529.0,1667646,874928.0
2022-03-19,Montréal,283936,5337,276420,0,0,1247648,7.39,4132481,1579479,nan,516.0,13821.0,126.0,285.0,53.0,177015.0,11523.0,4529.0,1667759,876474.0
2022-03-20,Montréal,284096,5337,276622,0,0,1248153,6.98,4134484,1579942,nan,516.0,13821.0,126.0,285.0,53.0,177015.0,11523.0,4529.0,1667855,877830.0
2022-03-21,Montréal,284220,5337,276788,0,0,1248533,8.44,4135582,1580193,nan,516.0,13821.0,126.0,285.0,53.0,177015.0,11523.0,4529.0,1667920,878531.0
2022-03-22,Montréal,284425,5338,276951,0,0,1249060,9.17,4137095,1580471,nan,516.0,13821.0,126.0,285.0,53.0,177921.0,11575.0,5048.0,1667998,879564.0
2022-03-23,Montréal,284760,5338,277051,0,0,1249604,12.7,4138415,1580779,nan,516.0,13821.0,126.0,285.0,53.0,177921.0,11575.0,5048.0,1668062,880418.0
2022-03-24,Montréal,285165,5339,277194,0,0,1250146,13.43,4139852,1581099,nan,516.0,13821.0,126.0,285.0,53.0,177921.0,11575.0,5048.0,1668111,881330.0
2022-03-25,Montréal,285589,5339,277391,0,0,1250674,13.75,4141669,1581486,nan,516.0,13821.0,126.0,285.0,53.0,177921.0,11575.0,5048.0,1668240,882407.0
2022-03-26,Montréal,286036,5339,277591,0,0,1251177,13.56,4144385,1581921,nan,516.0,13821.0,126.0,285.0,53.0,177921.0,11575.0,5048.0,1668354,884196.0
2022-03-27,Montréal,286405,5339,277791,0,0,1251613,12.17,4146839,1582411,nan,516.0,13821.0,126.0,285.0,53.0,177921.0,11575.0,5048.0,1668463,885772.0
2022-03-28,Montréal,286670,5339,278002,0,0,1252097,12.68,4148304,1582673,nan,516.0,13821.0,126.0,285.0,53.0,177921.0,11575.0,5048.0,1668516,886689.0
2022-03-29,Montréal,287035,5341,278182,0,0,1252618,15.17,4150252,1582981,nan,516.0,13821.0,126.0,285.0,53.0,177921.0,11575.0,5048.0,1668606,887806.0
2022-03-30,Montréal,287546,5341,278334,0,0,1253151,14.76,4152634,1583191,nan,516.0,13821.0,126.0,285.0,53.0,177921.0,11575.0,5048.0,1668688,888843.0
2022-03-31,Montréal,288199,5344,278538,0,0,1253675,16.84,4156274,1583401,nan,516.0,13821.0,126.0,285.0,53.0,177921.0,11575.0,5048.0,1668787,890016.0
2022-04-01,Montréal,288837,5344,278897,0,0,1254219,15.31,4160625,1583656,nan,516.0,13821.0,126.0,285.0,53.0,177921.0,11575.0,5048.0,1668889,891400.0
2022-04-02,Montréal,289486,5345,279297,0,0,1254704,22.79,4166040,1584023,nan,516.0,13821.0,126.0,285.0,53.0,177921.0,11575.0,5048.0,1669053,893297.0
2022-04-03,Montréal,289993,5346,279746,0,0,1255201,15.85,4169746,1584382,nan,516.0,13821.0,126.0,285.0,53.0,177921.0,11575.0,5048.0,1669160,894735.0
2022-04-04,Montréal,289993,5346,279746,0,0,1255681,16.25,4172146,1584591,nan,516.0,13821.0,126.0,285.0,53.0,177921.0,11575.0,5048.0,1669212,895607.0
2022-04-05,Montréal,291844,5349,280850,0,0,1256221,16.55,4176215,1584810,nan,516.0,13821.0,126.0,285.0,53.0,177921.0,11575.0,5048.0,1669295,896786.0
2022-04-06,Montréal,291844,5349,280850,0,0,1256845,18.51,4180311,1584969,nan,516.0,13821.0,126.0,285.0,53.0,183371.0,11584.0,5504.0,1669371,897875.0
2022-04-07,Montréal,292618,5357,281216,0,0,1257324,15.86,4188782,1585138,nan,516.0,13821.0,126.0,285.0,53.0,183371.0,11584.0,5504.0,1669494,899069.0
2022-04-08,Montréal,293335,5374,281832,0,0,1257885,14.7,4196255,1585316,nan,516.0,13821.0,126.0,285.0,53.0,183371.0,11584.0,5504.0,1669613,900104.0
2022-04-09,Montréal,293957,5375,282457,0,0,1258456,14.44,4203550,1585575,nan,516.0,13821.0,126.0,285.0,53.0,183371.0,11584.0,5504.0,1669730,901447.0
2022-04-10,Montréal,294601,5377,283084,0,0,1259005,14.2,4208019,1585916,nan,516.0,13821.0,126.0,285.0,53.0,183371.0,11584.0,5504.0,1669859,902540.0
2022-04-11,Montréal,295041,5377,283696,0,0,1259520,14.37,4210743,1586050,nan,516.0,13821.0,126.0,285.0,53.0,183371.0,11584.0,5504.0,1669924,903084.0
2022-04-12,Montréal,295530,5382,284282,0,0,1260127,14.15,4218266,1586208,nan,516.0,13821.0,126.0,285.0,53.0,183371.0,11584.0,5504.0,1670020,904047.0
2022-04-13,Montréal,296264,5386,284713,0,0,1260707,15.15,4225924,1586353,nan,516.0,13821.0,126.0,285.0,53.0,183371.0,11584.0,5504.0,1670110,905027.0
2022-04-14,Montréal,296875,5388,285205,0,0,1261342,14.78,4234063,1586471,nan,516.0,13821.0,126.0,285.0,53.0,183371.0,11584.0,5504.0,1670179,906120.0
2022-04-15,Montréal,297588,5392,285983,0,0,1261934,12.82,4241899,1586647,nan,516.0,13821.0,126.0,285.0,53.0,183371.0,11584.0,5504.0,1670288,907361.0
2022-04-16,Montréal,298093,5395,286672,0,0,1262341,13.28,4247833,1586842,nan,516.0,13821.0,126.0,285.0,53.0,183371.0,11584.0,5504.0,1670381,908183.0
2022-04-17,Montréal,298462,5399,287335,0,0,1262892,12.41,4251853,1587054,nan,516.0,13821.0,126.0,285.0,53.0,183371.0,11584.0,5504.0,1670496,908877.0
2022-04-18,Montréal,298764,5400,287884,0,0,1263313,11.22,4252393,1587059,nan,516.0,13821.0,126.0,285.0,53.0,183371.0,11584.0,5504.0,1670511,908982.0
2022-04-19,Montréal,299085,5401,288409,0,0,1263775,12.28,4256621,1587191,nan,516.0,13821.0,126.0,285.0,53.0,183371.0,11584.0,5504.0,1670595,909550.0
2022-04-20,Montréal,299470,5403,288801,0,0,1264308,13.02,4262329,1587295,nan,516.0,13821.0,126.0,285.0,53.0,183371.0,11584.0,5504.0,1670666,910140.0
2022-04-21,Montréal,300056,5405,289216,0,0,1264803,13.12,4269663,1587418,nan,516.0,13821.0,126.0,285.0,53.0,183371.0,11584.0,5504.0,1670763,911005.0
2022-04-22,Montréal,300530,5408,289828,0,0,1265363,11.25,4276736,1587553,nan,516.0,13821.0,126.0,285.0,53.0,183371.0,11584.0,5504.0,1670850,911933.0
2022-04-23,Montréal,300991,5412,290417,0,0,1265779,13.0,4283604,1587741,nan,516.0,13821.0,126.0,285.0,53.0,183371.0,11584.0,5504.0,1671000,912868.0
2022-04-24,Montréal,301357,5414,290931,0,0,1266336,10.96,4287777,1587974,nan,516.0,13821.0,126.0,285.0,53.0,183371.0,11584.0,5504.0,1671179,913587.0
2022-04-25,Montréal,301623,5416,291392,0,0,1266861,11.36,4290595,1588113,nan,516.0,13821.0,126.0,285.0,53.0,183371.0,11584.0,5504.0,1671244,914034.0
2022-04-26,Montréal,301975,5421,291752,0,0,1267390,10.48,4296115,1588256,nan,516.0,13818.0,126.0,285.0,53.0,193390.0,11584.0,6662.0,1671326,914782.0
2022-04-27,Montréal,302411,5425,292041,0,0,1267984,10.38,4301573,1588383,nan,516.0,13818.0,126.0,285.0,53.0,193390.0,11584.0,6662.0,1671402,915438.0
2022-04-28,Montréal,302799,5425,292318,0,0,1268448,11.04,4306568,1588468,nan,516.0,13818.0,126.0,285.0,53.0,193390.0,11584.0,6662.0,1671463,916003.0
2022-04-29,Montréal,303152,5427,292730,0,0,1269042,10.53,4312180,1588606,nan,516.0,13818.0,126.0,285.0,53.0,193390.0,11584.0,6662.0,1671546,916637.0
2022-04-30,Montréal,303512,5428,293222,0,0,1269548,9.74,4317614,1588788,nan,516.0,13818.0,126.0,285.0,53.0,193390.0,11584.0,6662.0,1671665,917586.0
2022-05-01,Montréal,303793,5428,293726,0,0,1270108,8.11,4320853,1588988,nan,516.0,13818.0,126.0,285.0,53.0,193390.0,11584.0,6662.0,1671807,918226.0
2022-05-02,Montréal,303983,5429,294171,0,0,1270606,8.43,4322519,1589078,nan,516.0,13818.0,126.0,285.0,53.0,193390.0,11584.0,6662.0,1671860,918588.0
2022-05-03,Montréal,304215,5432,294567,0,0,1271158,11.34,4326088,1589186,nan,516.0,13819.0,126.0,285.0,53.0,195545.0,11584.0,6775.0,1671945,919131.0
2022-05-04,Montréal,304562,5436,294883,0,0,1271763,11.31,4330157,1589299,nan,516.0,13819.0,126.0,285.0,53.0,195545.0,11584.0,6775.0,1672037,919669.0
2022-05-05,Montréal,304845,5439,295171,0,0,1272436,7.69,4334082,1589408,nan,516.0,13819.0,126.0,285.0,53.0,195545.0,11584.0,6775.0,1672128,920180.0
2022-05-06,Montréal,305110,5440,295597,0,0,1273050,8.54,4339731,1589521,nan,516.0,13819.0,126.0,285.0,53.0,195545.0,11584.0,6775.0,1672205,920813.0
2022-05-07,Montréal,305346,5447,296034,0,0,1273550,7.36,4344888,1589700,nan,516.0,13819.0,126.0,285.0,53.0,195545.0,11584.0,6775.0,1672366,921505.0
2022-05-08,Montréal,305509,5447,296408,0,0,1274090,7.17,4348124,1589907,nan,516.0,13819.0,126.0,285.0,53.0,195545.0,11584.0,6775.0,1672552,922026.0
2022-05-09,Montréal,305660,5448,296734,0,0,1274638,6.84,4350155,1589998,nan,516.0,13819.0,126.0,285.0,53.0,195545.0,11584.0,6775.0,1672615,922366.0
2022-05-10,Montréal,305829,5450,297035,0,0,1275179,7.16,4354308,1590112,nan,516.0,13819.0,126.0,285.0,53.0,195545.0,11584.0,6775.0,1672712,922878.0
2022-05-11,Montréal,306048,5454,297278,0,0,1275713,7.37,4358520,1590222,nan,516.0,13819.0,126.0,285.0,53.0,195545.0,11584.0,6775.0,1672815,923395.0
2022-05-12,Montréal,306109,5459,297456,0,0,1276223,7.52,4362664,1590319,nan,516.0,13819.0,126.0,285.0,53.0,195545.0,11584.0,6775.0,1672896,923946.0
2022-05-13,Montréal,306313,5463,297809,0,0,1276760,6.21,4366611,1590421,nan,516.0,13819.0,126.0,285.0,53.0,195545.0,11584.0,6775.0,1672985,924471.0
2022-05-14,Montréal,306509,5467,298097,0,0,1277218,6.8,4370302,1590604,nan,516.0,13819.0,126.0,285.0,53.0,195545.0,11584.0,6775.0,1673089,925074.0
2022-05-15,Montréal,306658,5467,298339,0,0,1277770,7.16,4372763,1590792,nan,516.0,13819.0,126.0,285.0,53.0,195545.0,11584.0,6775.0,1673235,925575.0
2022-05-16,Montréal,306807,5467,298593,0,0,1277770,7.16,4374430,1590876,nan,516.0,13819.0,126.0,285.0,53.0,195545.0,11584.0,6775.0,1673294,925962.0
2022-05-17,Montréal,306807,5467,298593,0,0,1277770,0.0,4374430,1590876,nan,516.0,13819.0,126.0,285.0,53.0,195545.0,11584.0,6775.0,1673294,925962.0
